PRODUCT_ID,LOCATION_ID,CUSTOMER_ID,DISTR_CHANNEL_ID,PERIOD_START_DT,PERIOD_END_DT,PRICE,PRICE_TYPE,MODIFIED_DTTM,DELETE_FLG
8000054507,5637144625,,,02JAN2014,31DEC2154,717.50,PRIME COST,28MAY2021:14:34:36,0
8000054507,5637144625,,,02JAN2014,31DEC2154,2027.83,COST IN TT BD,28MAY2021:14:34:36,0
8000054507,5637144625,,,02JAN2014,31DEC2154,1252.32,COST IN TT AD,28MAY2021:14:34:36,0
8000054507,5637144813,,,03JAN2014,31DEC2154,717.50,PRIME COST,28MAY2021:14:34:36,0
8000054507,5637144813,,,03JAN2014,31DEC2154,2014.00,COST IN TT BD,28MAY2021:14:34:36,0
8000054507,5637144813,,,03JAN2014,31DEC2154,1281.86,COST IN TT AD,28MAY2021:14:34:36,0
8000054507,5637145298,,,01JAN2014,31AUG2019,717.50,PRIME COST,28MAY2021:14:34:36,0
8000054507,5637145298,,,01JAN2014,31AUG2019,1512.95,COST IN TT BD,28MAY2021:14:34:36,0
8000054507,5637145298,,,01JAN2014,31AUG2019,1159.56,COST IN TT AD,28MAY2021:14:34:36,0
8000054507,5637145298,,,27NOV2019,31DEC2154,717.50,PRIME COST,28MAY2021:14:34:36,0
8000054507,5637145298,,,27NOV2019,31DEC2154,1831.73,COST IN TT BD,28MAY2021:14:34:36,0
8000054507,5637145298,,,27NOV2019,31DEC2154,1187.72,COST IN TT AD,28MAY2021:14:34:36,0
8000054507,5637145506,,,13FEB2009,28MAY2018,717.50,PRIME COST,28MAY2021:14:34:36,0
8000054507,5637145506,,,13FEB2009,28MAY2018,1949.00,COST IN TT BD,28MAY2021:14:34:36,0
8000054507,5637145506,,,13FEB2009,28MAY2018,1168.35,COST IN TT AD,28MAY2021:14:34:36,0
8000054507,5637145510,,,03JAN2014,02SEP2020,717.50,PRIME COST,28MAY2021:14:34:36,0
8000054507,5637145510,,,03JAN2014,02SEP2020,2022.36,COST IN TT BD,28MAY2021:14:34:36,0
8000054507,5637145510,,,03JAN2014,02SEP2020,1187.94,COST IN TT AD,28MAY2021:14:34:36,0
8000054507,5637145514,,,12FEB2009,11APR2019,717.50,PRIME COST,28MAY2021:14:34:36,0
8000054507,5637145514,,,12FEB2009,11APR2019,2024.00,COST IN TT BD,28MAY2021:14:34:36,0
8000054507,5637145514,,,12FEB2009,11APR2019,1344.60,COST IN TT AD,28MAY2021:14:34:36,0
8000054507,5637145681,,,06JAN2014,18AUG2019,717.50,PRIME COST,28MAY2021:14:34:36,0
8000054507,5637145681,,,06JAN2014,18AUG2019,1990.67,COST IN TT BD,28MAY2021:14:34:36,0
8000054507,5637145681,,,06JAN2014,18AUG2019,1205.16,COST IN TT AD,28MAY2021:14:34:36,0
8000054507,5637145681,,,09NOV2019,31DEC2154,717.50,PRIME COST,28MAY2021:14:34:36,0
8000054507,5637145681,,,09NOV2019,31DEC2154,2099.00,COST IN TT BD,28MAY2021:14:34:36,0
8000054507,5637145681,,,09NOV2019,31DEC2154,1199.43,COST IN TT AD,28MAY2021:14:34:36,0
8000054507,5637145838,,,03OCT2011,31DEC2154,717.50,PRIME COST,28MAY2021:14:34:36,0
8000054507,5637145838,,,03OCT2011,31DEC2154,2037.24,COST IN TT BD,28MAY2021:14:34:36,0
8000054507,5637145838,,,03OCT2011,31DEC2154,1267.76,COST IN TT AD,28MAY2021:14:34:36,0
8000054507,5637146282,,,05JAN2014,31DEC2154,717.50,PRIME COST,28MAY2021:14:34:36,0
8000054507,5637146282,,,05JAN2014,31DEC2154,2035.76,COST IN TT BD,28MAY2021:14:34:36,0
8000054507,5637146282,,,05JAN2014,31DEC2154,1157.43,COST IN TT AD,28MAY2021:14:34:36,0
8000054507,5637146285,,,10JAN2014,01JUN2020,717.50,PRIME COST,28MAY2021:14:34:36,0
8000054507,5637146285,,,10JAN2014,01JUN2020,2031.14,COST IN TT BD,28MAY2021:14:34:36,0
8000054507,5637146285,,,10JAN2014,01JUN2020,1259.37,COST IN TT AD,28MAY2021:14:34:36,0
8000054507,5637146288,,,07JAN2014,31DEC2154,717.50,PRIME COST,28MAY2021:14:34:36,0
8000054507,5637146288,,,07JAN2014,31DEC2154,2025.19,COST IN TT BD,28MAY2021:14:34:36,0
8000054507,5637146288,,,07JAN2014,31DEC2154,1160.68,COST IN TT AD,28MAY2021:14:34:36,0
8000054507,5637146303,,,02JAN2014,02JUN2020,717.50,PRIME COST,28MAY2021:14:34:36,0
8000054507,5637146303,,,02JAN2014,02JUN2020,2039.86,COST IN TT BD,28MAY2021:14:34:36,0
8000054507,5637146303,,,02JAN2014,02JUN2020,1187.56,COST IN TT AD,28MAY2021:14:34:36,0
8000054507,5637146393,,,07JAN2014,05JAN2020,717.50,PRIME COST,28MAY2021:14:34:36,0
8000054507,5637146393,,,07JAN2014,05JAN2020,2043.00,COST IN TT BD,28MAY2021:14:34:36,0
8000054507,5637146393,,,07JAN2014,05JAN2020,1199.54,COST IN TT AD,28MAY2021:14:34:36,0
8000054507,5637146393,,,15MAR2020,31DEC2154,717.50,PRIME COST,28MAY2021:14:34:36,0
8000054507,5637146393,,,15MAR2020,31DEC2154,2099.00,COST IN TT BD,28MAY2021:14:34:36,0
8000054507,5637146393,,,15MAR2020,31DEC2154,1574.25,COST IN TT AD,28MAY2021:14:34:36,0
8000054507,5637147254,,,02JAN2014,31DEC2154,717.50,PRIME COST,28MAY2021:14:34:36,0
8000054507,5637147254,,,02JAN2014,31DEC2154,2062.33,COST IN TT BD,28MAY2021:14:34:36,0
8000054507,5637147254,,,02JAN2014,31DEC2154,1095.66,COST IN TT AD,28MAY2021:14:34:36,0
8000054507,5637147471,,,04JAN2014,31DEC2154,717.50,PRIME COST,28MAY2021:14:34:36,0
8000054507,5637147471,,,04JAN2014,31DEC2154,2039.00,COST IN TT BD,28MAY2021:14:34:36,0
8000054507,5637147471,,,04JAN2014,31DEC2154,1299.49,COST IN TT AD,28MAY2021:14:34:36,0
8000054507,5637147475,,,02JAN2014,31DEC2154,717.50,PRIME COST,28MAY2021:14:34:36,0
8000054507,5637147475,,,02JAN2014,31DEC2154,2034.00,COST IN TT BD,28MAY2021:14:34:36,0
8000054507,5637147475,,,02JAN2014,31DEC2154,1217.40,COST IN TT AD,28MAY2021:14:34:36,0
8000054507,5637147582,,,02JAN2014,28JUL2019,717.50,PRIME COST,28MAY2021:14:34:36,0
8000054507,5637147582,,,02JAN2014,28JUL2019,1993.12,COST IN TT BD,28MAY2021:14:34:36,0
8000054507,5637147582,,,02JAN2014,28JUL2019,1231.18,COST IN TT AD,28MAY2021:14:34:36,0
8000054507,5637147582,,,01OCT2019,31DEC2154,717.50,PRIME COST,28MAY2021:14:34:36,0
8000054507,5637147582,,,01OCT2019,31DEC2154,2099.00,COST IN TT BD,28MAY2021:14:34:36,0
8000054507,5637147582,,,01OCT2019,31DEC2154,1091.98,COST IN TT AD,28MAY2021:14:34:36,0
8000054507,5637148054,,,02JAN2014,31DEC2154,717.50,PRIME COST,28MAY2021:14:34:36,0
8000054507,5637148054,,,02JAN2014,31DEC2154,2040.67,COST IN TT BD,28MAY2021:14:34:36,0
8000054507,5637148054,,,02JAN2014,31DEC2154,1287.37,COST IN TT AD,28MAY2021:14:34:36,0
8000054507,5637148190,,,02JAN2014,31DEC2154,717.50,PRIME COST,28MAY2021:14:34:36,0
8000054507,5637148190,,,02JAN2014,31DEC2154,2029.00,COST IN TT BD,28MAY2021:14:34:36,0
8000054507,5637148190,,,02JAN2014,31DEC2154,1207.79,COST IN TT AD,28MAY2021:14:34:36,0
8000054507,5637148204,,,02JAN2014,01SEP2019,717.50,PRIME COST,28MAY2021:14:34:36,0
8000054507,5637148204,,,02JAN2014,01SEP2019,2019.00,COST IN TT BD,28MAY2021:14:34:36,0
8000054507,5637148204,,,02JAN2014,01SEP2019,1237.08,COST IN TT AD,28MAY2021:14:34:36,0
8000054507,5637148204,,,06NOV2019,31DEC2154,717.50,PRIME COST,28MAY2021:14:34:36,0
8000054507,5637148204,,,06NOV2019,31DEC2154,2099.00,COST IN TT BD,28MAY2021:14:34:36,0
8000054507,5637148204,,,06NOV2019,31DEC2154,1126.46,COST IN TT AD,28MAY2021:14:34:36,0
8000054507,5637148806,,,14DEC2011,12APR2019,717.50,PRIME COST,28MAY2021:14:34:36,0
8000054507,5637148806,,,14DEC2011,12APR2019,1448.91,COST IN TT BD,28MAY2021:14:34:36,0
8000054507,5637148806,,,14DEC2011,12APR2019,1170.09,COST IN TT AD,28MAY2021:14:34:36,0
8000054507,5637149014,,,08AUG2014,22APR2018,717.50,PRIME COST,28MAY2021:14:34:36,0
8000054507,5637149014,,,08AUG2014,22APR2018,1949.00,COST IN TT BD,28MAY2021:14:34:36,0
8000054507,5637149014,,,08AUG2014,22APR2018,974.50,COST IN TT AD,28MAY2021:14:34:36,0
8000054507,5637149014,,,15OCT2018,31DEC2154,717.50,PRIME COST,28MAY2021:14:34:36,0
8000054507,5637149014,,,15OCT2018,31DEC2154,1587.18,COST IN TT BD,28MAY2021:14:34:36,0
8000054507,5637149014,,,15OCT2018,31DEC2154,1185.98,COST IN TT AD,28MAY2021:14:34:36,0
8000054507,5637149018,,,13FEB2015,15JUL2018,717.50,PRIME COST,28MAY2021:14:34:36,0
8000054507,5637149018,,,13FEB2015,15JUL2018,1949.00,COST IN TT BD,28MAY2021:14:34:36,0
8000054507,5637149018,,,13FEB2015,15JUL2018,1153.16,COST IN TT AD,28MAY2021:14:34:36,0
8000054507,5637149018,,,26OCT2018,31DEC2154,717.50,PRIME COST,28MAY2021:14:34:36,0
8000054507,5637149018,,,26OCT2018,31DEC2154,2068.44,COST IN TT BD,28MAY2021:14:34:36,0
8000054507,5637149018,,,26OCT2018,31DEC2154,1196.52,COST IN TT AD,28MAY2021:14:34:36,0
8000054507,5637149102,,,30OCT2015,02SEP2020,717.50,PRIME COST,28MAY2021:14:34:36,0
8000054507,5637149102,,,30OCT2015,02SEP2020,2040.07,COST IN TT BD,28MAY2021:14:34:36,0
8000054507,5637149102,,,30OCT2015,02SEP2020,1211.53,COST IN TT AD,28MAY2021:14:34:36,0
8000054507,5637149122,,,01JUN2014,02SEP2020,717.50,PRIME COST,28MAY2021:14:34:36,0
8000054507,5637149122,,,01JUN2014,02SEP2020,2035.19,COST IN TT BD,28MAY2021:14:34:36,0
8000054507,5637149122,,,01JUN2014,02SEP2020,1288.83,COST IN TT AD,28MAY2021:14:34:36,0
8000054507,5637149138,,,28OCT2015,31DEC2154,717.50,PRIME COST,28MAY2021:14:34:36,0
8000054507,5637149138,,,28OCT2015,31DEC2154,2032.65,COST IN TT BD,28MAY2021:14:34:36,0
8000054507,5637149138,,,28OCT2015,31DEC2154,1325.40,COST IN TT AD,28MAY2021:14:34:36,0
8000054507,5637149154,,,08JUL2014,31DEC2154,717.50,PRIME COST,28MAY2021:14:34:36,0
8000054507,5637149154,,,08JUL2014,31DEC2154,2037.46,COST IN TT BD,28MAY2021:14:34:36,0
8000054507,5637149154,,,08JUL2014,31DEC2154,1228.29,COST IN TT AD,28MAY2021:14:34:36,0
8000054507,5637149238,,,30OCT2015,31DEC2154,717.50,PRIME COST,28MAY2021:14:34:36,0
8000054507,5637149238,,,30OCT2015,31DEC2154,2065.67,COST IN TT BD,28MAY2021:14:34:36,0
8000054507,5637149238,,,30OCT2015,31DEC2154,1223.24,COST IN TT AD,28MAY2021:14:34:36,0
8000054507,5637149282,,,06MAR2015,31DEC2154,717.50,PRIME COST,28MAY2021:14:34:36,0
8000054507,5637149282,,,06MAR2015,31DEC2154,1748.30,COST IN TT BD,28MAY2021:14:34:36,0
8000054507,5637149282,,,06MAR2015,31DEC2154,1233.38,COST IN TT AD,28MAY2021:14:34:36,0
8000054507,5637149414,,,07OCT2014,31JUL2019,717.50,PRIME COST,28MAY2021:14:34:36,0
8000054507,5637149414,,,07OCT2014,31JUL2019,2017.18,COST IN TT BD,28MAY2021:14:34:36,0
8000054507,5637149414,,,07OCT2014,31JUL2019,1363.26,COST IN TT AD,28MAY2021:14:34:36,0
8000054507,5637149414,,,25OCT2019,31DEC2154,717.50,PRIME COST,28MAY2021:14:34:36,0
8000054507,5637149414,,,25OCT2019,31DEC2154,2099.00,COST IN TT BD,28MAY2021:14:34:36,0
8000054507,5637149414,,,25OCT2019,31DEC2154,1165.69,COST IN TT AD,28MAY2021:14:34:36,0
8000054507,5637149442,,,24OCT2015,31DEC2154,717.50,PRIME COST,28MAY2021:14:34:36,0
8000054507,5637149442,,,24OCT2015,31DEC2154,2049.00,COST IN TT BD,28MAY2021:14:34:36,0
8000054507,5637149442,,,24OCT2015,31DEC2154,978.53,COST IN TT AD,28MAY2021:14:34:36,0
8000054507,5637149542,,,16JAN2015,31DEC2154,717.50,PRIME COST,28MAY2021:14:34:36,0
8000054507,5637149542,,,16JAN2015,31DEC2154,2034.71,COST IN TT BD,28MAY2021:14:34:36,0
8000054507,5637149542,,,16JAN2015,31DEC2154,1249.20,COST IN TT AD,28MAY2021:14:34:36,0
8000054507,5637149835,,,13FEB2015,31DEC2154,717.50,PRIME COST,28MAY2021:14:34:36,0
8000054507,5637149835,,,13FEB2015,31DEC2154,2048.23,COST IN TT BD,28MAY2021:14:34:36,0
8000054507,5637149835,,,13FEB2015,31DEC2154,1173.44,COST IN TT AD,28MAY2021:14:34:36,0
8000054507,5637149921,,,13DEC2014,01AUG2020,717.50,PRIME COST,28MAY2021:14:34:36,0
8000054507,5637149921,,,13DEC2014,01AUG2020,2026.78,COST IN TT BD,28MAY2021:14:34:36,0
8000054507,5637149921,,,13DEC2014,01AUG2020,1211.61,COST IN TT AD,28MAY2021:14:34:36,0
8000054507,5637150141,,,27OCT2015,02SEP2020,717.50,PRIME COST,28MAY2021:14:34:36,0
8000054507,5637150141,,,27OCT2015,02SEP2020,2021.92,COST IN TT BD,28MAY2021:14:34:36,0
8000054507,5637150141,,,27OCT2015,02SEP2020,1321.74,COST IN TT AD,28MAY2021:14:34:36,0
8000054507,5637151351,,,12AUG2015,31DEC2154,717.50,PRIME COST,28MAY2021:14:34:36,0
8000054507,5637151351,,,12AUG2015,31DEC2154,2053.00,COST IN TT BD,28MAY2021:14:34:36,0
8000054507,5637151351,,,12AUG2015,31DEC2154,1345.13,COST IN TT AD,28MAY2021:14:34:36,0
8000054507,5637151675,,,28JUL2014,27JUN2019,717.50,PRIME COST,28MAY2021:14:34:36,0
8000054507,5637151675,,,28JUL2014,27JUN2019,1441.86,COST IN TT BD,28MAY2021:14:34:36,0
8000054507,5637151675,,,28JUL2014,27JUN2019,1173.58,COST IN TT AD,28MAY2021:14:34:36,0
8000054507,5637151675,,,06SEP2019,31DEC2154,717.50,PRIME COST,28MAY2021:14:34:36,0
8000054507,5637151675,,,06SEP2019,31DEC2154,1819.00,COST IN TT BD,28MAY2021:14:34:36,0
8000054507,5637151675,,,06SEP2019,31DEC2154,1130.99,COST IN TT AD,28MAY2021:14:34:36,0
8000054507,5637151774,,,16OCT2015,05JAN2020,717.50,PRIME COST,28MAY2021:14:34:36,0
8000054507,5637151774,,,16OCT2015,05JAN2020,2027.37,COST IN TT BD,28MAY2021:14:34:36,0
8000054507,5637151774,,,16OCT2015,05JAN2020,1233.83,COST IN TT AD,28MAY2021:14:34:36,0
8000054507,5637151774,,,29FEB2020,31DEC2154,717.50,PRIME COST,28MAY2021:14:34:36,0
8000054507,5637151774,,,29FEB2020,31DEC2154,2099.00,COST IN TT BD,28MAY2021:14:34:36,0
8000054507,5637151774,,,29FEB2020,31DEC2154,1349.36,COST IN TT AD,28MAY2021:14:34:36,0
8000054507,7000006770,,,12NOV2015,31DEC2154,717.50,PRIME COST,28MAY2021:14:34:36,0
8000054507,7000006770,,,12NOV2015,31DEC2154,2054.71,COST IN TT BD,28MAY2021:14:34:36,0
8000054507,7000006770,,,12NOV2015,31DEC2154,1251.04,COST IN TT AD,28MAY2021:14:34:36,0
8000054507,7000010505,,,23OCT2014,31DEC2154,717.50,PRIME COST,28MAY2021:14:34:36,0
8000054507,7000010505,,,23OCT2014,31DEC2154,2033.72,COST IN TT BD,28MAY2021:14:34:36,0
8000054507,7000010505,,,23OCT2014,31DEC2154,1313.27,COST IN TT AD,28MAY2021:14:34:36,0
8000054507,9000026250,,,18DEC2015,31DEC2154,717.50,PRIME COST,28MAY2021:14:34:36,0
8000054507,9000026250,,,18DEC2015,31DEC2154,2034.45,COST IN TT BD,28MAY2021:14:34:36,0
8000054507,9000026250,,,18DEC2015,31DEC2154,1246.52,COST IN TT AD,28MAY2021:14:34:36,0
8000054507,9000026255,,,13NOV2015,31DEC2154,717.50,PRIME COST,28MAY2021:14:34:36,0
8000054507,9000026255,,,13NOV2015,31DEC2154,2053.26,COST IN TT BD,28MAY2021:14:34:36,0
8000054507,9000026255,,,13NOV2015,31DEC2154,1166.08,COST IN TT AD,28MAY2021:14:34:36,0
8000054507,9000034500,,,10FEB2016,02APR2018,717.50,PRIME COST,28MAY2021:14:34:36,0
8000054507,9000034500,,,10FEB2016,02APR2018,1949.00,COST IN TT BD,28MAY2021:14:34:36,0
8000054507,9000034500,,,10FEB2016,02APR2018,0.00,COST IN TT AD,28MAY2021:14:34:36,0
8000054507,9000034500,,,07APR2018,31DEC2154,717.50,PRIME COST,28MAY2021:14:34:36,0
8000054507,9000034500,,,07APR2018,31DEC2154,2040.07,COST IN TT BD,28MAY2021:14:34:36,0
8000054507,9000034500,,,07APR2018,31DEC2154,1241.28,COST IN TT AD,28MAY2021:14:34:36,0
8000054507,9000048775,,,12FEB2016,25AUG2019,717.50,PRIME COST,28MAY2021:14:34:36,0
8000054507,9000048775,,,12FEB2016,25AUG2019,1947.80,COST IN TT BD,28MAY2021:14:34:36,0
8000054507,9000048775,,,12FEB2016,25AUG2019,1192.95,COST IN TT AD,28MAY2021:14:34:36,0
8000054507,9000050250,,,04AUG2016,31DEC2154,717.50,PRIME COST,28MAY2021:14:34:36,0
8000054507,9000050250,,,04AUG2016,31DEC2154,1554.05,COST IN TT BD,28MAY2021:14:34:36,0
8000054507,9000050250,,,04AUG2016,31DEC2154,1205.26,COST IN TT AD,28MAY2021:14:34:36,0
8000054507,9000051000,,,27AUG2016,31DEC2154,717.50,PRIME COST,28MAY2021:14:34:36,0
8000054507,9000051000,,,27AUG2016,31DEC2154,2040.84,COST IN TT BD,28MAY2021:14:34:36,0
8000054507,9000051000,,,27AUG2016,31DEC2154,1173.73,COST IN TT AD,28MAY2021:14:34:36,0
8000054507,9000066000,,,01MAY2017,31DEC2154,717.50,PRIME COST,28MAY2021:14:34:36,0
8000054507,9000066000,,,01MAY2017,31DEC2154,2061.50,COST IN TT BD,28MAY2021:14:34:36,0
8000054507,9000066000,,,01MAY2017,31DEC2154,1152.56,COST IN TT AD,28MAY2021:14:34:36,0
8000054507,9000099755,,,27DEC2017,31DEC2154,717.50,PRIME COST,28MAY2021:14:34:36,0
8000054507,9000099755,,,27DEC2017,31DEC2154,2043.79,COST IN TT BD,28MAY2021:14:34:36,0
8000054507,9000099755,,,27DEC2017,31DEC2154,1115.84,COST IN TT AD,28MAY2021:14:34:36,0
8000054507,9000102750,,,16JUL2018,31DEC2154,717.50,PRIME COST,28MAY2021:14:34:36,0
8000054507,9000102750,,,16JUL2018,31DEC2154,2069.83,COST IN TT BD,28MAY2021:14:34:36,0
8000054507,9000102750,,,16JUL2018,31DEC2154,1169.38,COST IN TT AD,28MAY2021:14:34:36,0
8000054507,9000102755,,,10DEC2019,31DEC2154,717.50,PRIME COST,28MAY2021:14:34:36,0
8000054507,9000102755,,,10DEC2019,31DEC2154,2099.00,COST IN TT BD,28MAY2021:14:34:36,0
8000054507,9000102755,,,10DEC2019,31DEC2154,1168.44,COST IN TT AD,28MAY2021:14:34:36,0
8000054507,9000102760,,,30JUN2018,31DEC2154,717.50,PRIME COST,28MAY2021:14:34:36,0
8000054507,9000102760,,,30JUN2018,31DEC2154,2084.00,COST IN TT BD,28MAY2021:14:34:36,0
8000054507,9000102760,,,30JUN2018,31DEC2154,1173.19,COST IN TT AD,28MAY2021:14:34:36,0
8000054507,9000103500,,,20APR2018,31DEC2154,717.50,PRIME COST,28MAY2021:14:34:36,0
8000054507,9000103500,,,20APR2018,31DEC2154,2048.24,COST IN TT BD,28MAY2021:14:34:36,0
8000054507,9000103500,,,20APR2018,31DEC2154,1255.54,COST IN TT AD,28MAY2021:14:34:36,0
8000054507,9000111025,,,18MAY2018,31DEC2154,717.50,PRIME COST,28MAY2021:14:34:36,0
8000054507,9000111025,,,18MAY2018,31DEC2154,2028.72,COST IN TT BD,28MAY2021:14:34:36,0
8000054507,9000111025,,,18MAY2018,31DEC2154,1013.71,COST IN TT AD,28MAY2021:14:34:36,0
8000054507,9000124504,,,01NOV2018,31DEC2154,717.50,PRIME COST,28MAY2021:14:34:36,0
8000054507,9000124504,,,01NOV2018,31DEC2154,2072.53,COST IN TT BD,28MAY2021:14:34:36,0
8000054507,9000124504,,,01NOV2018,31DEC2154,1169.88,COST IN TT AD,28MAY2021:14:34:36,0
8000054507,9000132750,,,08JUN2019,31DEC2154,717.50,PRIME COST,28MAY2021:14:34:36,0
8000054507,9000132750,,,08JUN2019,31DEC2154,2099.00,COST IN TT BD,28MAY2021:14:34:36,0
8000054507,9000132750,,,08JUN2019,31DEC2154,1096.14,COST IN TT AD,28MAY2021:14:34:36,0
8000054507,9000132755,,,05MAY2019,31DEC2154,717.50,PRIME COST,28MAY2021:14:34:36,0
8000054507,9000132755,,,05MAY2019,31DEC2154,2099.00,COST IN TT BD,28MAY2021:14:34:36,0
8000054507,9000132755,,,05MAY2019,31DEC2154,1124.46,COST IN TT AD,28MAY2021:14:34:36,0
8000054507,9000135750,,,27AUG2019,31DEC2154,717.50,PRIME COST,28MAY2021:14:34:36,0
8000054507,9000135750,,,27AUG2019,31DEC2154,2099.00,COST IN TT BD,28MAY2021:14:34:36,0
8000054507,9000135750,,,27AUG2019,31DEC2154,1253.57,COST IN TT AD,28MAY2021:14:34:36,0
8000054507,9000136500,,,07NOV2019,31DEC2154,717.50,PRIME COST,28MAY2021:14:34:36,0
8000054507,9000136500,,,07NOV2019,31DEC2154,2099.00,COST IN TT BD,28MAY2021:14:34:36,0
8000054507,9000136500,,,07NOV2019,31DEC2154,1311.88,COST IN TT AD,28MAY2021:14:34:36,0
8000089444,5637144813,,,16JAN2014,22NOV2019,3753.00,PRIME COST,28MAY2021:14:34:36,0
8000089444,5637144813,,,16JAN2014,22NOV2019,8349.00,COST IN TT BD,28MAY2021:14:34:36,0
8000089444,5637144813,,,16JAN2014,22NOV2019,4992.46,COST IN TT AD,28MAY2021:14:34:36,0
8000089444,5637145298,,,15JAN2014,31AUG2019,3753.00,PRIME COST,28MAY2021:14:34:36,0
8000089444,5637145298,,,15JAN2014,31AUG2019,6361.59,COST IN TT BD,28MAY2021:14:34:36,0
8000089444,5637145298,,,15JAN2014,31AUG2019,4668.19,COST IN TT AD,28MAY2021:14:34:36,0
8000089444,5637145298,,,27NOV2019,31DEC2154,3753.00,PRIME COST,28MAY2021:14:34:36,0
8000089444,5637145298,,,27NOV2019,31DEC2154,6799.00,COST IN TT BD,28MAY2021:14:34:36,0
8000089444,5637145298,,,27NOV2019,31DEC2154,4727.37,COST IN TT AD,28MAY2021:14:34:36,0
8000089444,5637145506,,,09JAN2014,26MAY2018,3753.00,PRIME COST,28MAY2021:14:34:36,0
8000089444,5637145506,,,09JAN2014,26MAY2018,8199.00,COST IN TT BD,28MAY2021:14:34:36,0
8000089444,5637145506,,,09JAN2014,26MAY2018,4428.92,COST IN TT AD,28MAY2021:14:34:36,0
8000089444,5637145510,,,17JAN2014,02SEP2020,3753.00,PRIME COST,28MAY2021:14:34:36,0
8000089444,5637145510,,,17JAN2014,02SEP2020,8396.01,COST IN TT BD,28MAY2021:14:34:36,0
8000089444,5637145510,,,17JAN2014,02SEP2020,4574.11,COST IN TT AD,28MAY2021:14:34:36,0
8000089444,5637145514,,,17APR2014,19DEC2018,3753.00,PRIME COST,28MAY2021:14:34:36,0
8000089444,5637145514,,,17APR2014,19DEC2018,8199.00,COST IN TT BD,28MAY2021:14:34:36,0
8000089444,5637145514,,,17APR2014,19DEC2018,3987.70,COST IN TT AD,28MAY2021:14:34:36,0
8000089444,5637145681,,,22APR2014,29NOV2019,3753.00,PRIME COST,28MAY2021:14:34:36,0
8000089444,5637145681,,,22APR2014,29NOV2019,8330.25,COST IN TT BD,28MAY2021:14:34:36,0
8000089444,5637145681,,,22APR2014,29NOV2019,4096.85,COST IN TT AD,28MAY2021:14:34:36,0
8000089444,5637146282,,,23JAN2014,31DEC2154,3753.00,PRIME COST,28MAY2021:14:34:36,0
8000089444,5637146282,,,23JAN2014,31DEC2154,8425.47,COST IN TT BD,28MAY2021:14:34:36,0
8000089444,5637146282,,,23JAN2014,31DEC2154,4412.86,COST IN TT AD,28MAY2021:14:34:36,0
8000089444,5637146285,,,10JAN2014,01JUN2020,3753.00,PRIME COST,28MAY2021:14:34:36,0
8000089444,5637146285,,,10JAN2014,01JUN2020,8330.25,COST IN TT BD,28MAY2021:14:34:36,0
8000089444,5637146285,,,10JAN2014,01JUN2020,4958.70,COST IN TT AD,28MAY2021:14:34:36,0
8000089444,5637146288,,,16JAN2014,31DEC2154,3753.00,PRIME COST,28MAY2021:14:34:36,0
8000089444,5637146288,,,16JAN2014,31DEC2154,8402.57,COST IN TT BD,28MAY2021:14:34:36,0
8000089444,5637146288,,,16JAN2014,31DEC2154,4882.50,COST IN TT AD,28MAY2021:14:34:36,0
8000089444,5637146303,,,15JAN2014,02JUN2020,3753.00,PRIME COST,28MAY2021:14:34:36,0
8000089444,5637146303,,,15JAN2014,02JUN2020,8395.07,COST IN TT BD,28MAY2021:14:34:36,0
8000089444,5637146303,,,15JAN2014,02JUN2020,4381.29,COST IN TT AD,28MAY2021:14:34:36,0
8000089444,5637146393,,,17JAN2014,05JAN2020,3753.00,PRIME COST,28MAY2021:14:34:36,0
8000089444,5637146393,,,17JAN2014,05JAN2020,8361.16,COST IN TT BD,28MAY2021:14:34:36,0
8000089444,5637146393,,,17JAN2014,05JAN2020,4528.81,COST IN TT AD,28MAY2021:14:34:36,0
8000089444,5637147582,,,09JAN2014,28JUL2019,3753.00,PRIME COST,28MAY2021:14:34:36,0
8000089444,5637147582,,,09JAN2014,28JUL2019,8224.00,COST IN TT BD,28MAY2021:14:34:36,0
8000089444,5637147582,,,09JAN2014,28JUL2019,2894.97,COST IN TT AD,28MAY2021:14:34:36,0
8000089444,5637147582,,,01OCT2019,31DEC2154,3753.00,PRIME COST,28MAY2021:14:34:36,0
8000089444,5637147582,,,01OCT2019,31DEC2154,8499.00,COST IN TT BD,28MAY2021:14:34:36,0
8000089444,5637147582,,,01OCT2019,31DEC2154,4886.93,COST IN TT AD,28MAY2021:14:34:36,0
8000089444,5637148054,,,07JAN2014,31DEC2154,3753.00,PRIME COST,28MAY2021:14:34:36,0
8000089444,5637148054,,,07JAN2014,31DEC2154,8354.56,COST IN TT BD,28MAY2021:14:34:36,0
8000089444,5637148054,,,07JAN2014,31DEC2154,4152.15,COST IN TT AD,28MAY2021:14:34:36,0
8000089444,5637148190,,,08JAN2014,15DEC2019,3753.00,PRIME COST,28MAY2021:14:34:36,0
8000089444,5637148190,,,08JAN2014,15DEC2019,8499.00,COST IN TT BD,28MAY2021:14:34:36,0
8000089444,5637148190,,,08JAN2014,15DEC2019,3682.90,COST IN TT AD,28MAY2021:14:34:36,0
8000089444,5637148204,,,09JAN2014,10AUG2019,3753.00,PRIME COST,28MAY2021:14:34:36,0
8000089444,5637148204,,,09JAN2014,10AUG2019,8239.91,COST IN TT BD,28MAY2021:14:34:36,0
8000089444,5637148204,,,09JAN2014,10AUG2019,3550.67,COST IN TT AD,28MAY2021:14:34:36,0
8000089444,5637148806,,,15JAN2014,21APR2019,3753.00,PRIME COST,28MAY2021:14:34:36,0
8000089444,5637148806,,,15JAN2014,21APR2019,6195.15,COST IN TT BD,28MAY2021:14:34:36,0
8000089444,5637148806,,,15JAN2014,21APR2019,4910.67,COST IN TT AD,28MAY2021:14:34:36,0
8000089444,5637149014,,,15OCT2018,31DEC2154,3753.00,PRIME COST,28MAY2021:14:34:36,0
8000089444,5637149014,,,15OCT2018,31DEC2154,6626.11,COST IN TT BD,28MAY2021:14:34:36,0
8000089444,5637149014,,,15OCT2018,31DEC2154,4834.20,COST IN TT AD,28MAY2021:14:34:36,0
8000089444,5637149018,,,26OCT2018,31DEC2154,3753.00,PRIME COST,28MAY2021:14:34:36,0
8000089444,5637149018,,,26OCT2018,31DEC2154,8473.29,COST IN TT BD,28MAY2021:14:34:36,0
8000089444,5637149018,,,26OCT2018,31DEC2154,4646.46,COST IN TT AD,28MAY2021:14:34:36,0
8000089444,5637149102,,,30OCT2015,02SEP2020,3753.00,PRIME COST,28MAY2021:14:34:36,0
8000089444,5637149102,,,30OCT2015,02SEP2020,8311.50,COST IN TT BD,28MAY2021:14:34:36,0
8000089444,5637149102,,,30OCT2015,02SEP2020,4696.57,COST IN TT AD,28MAY2021:14:34:36,0
8000089444,5637149122,,,30OCT2014,02SEP2020,3753.00,PRIME COST,28MAY2021:14:34:36,0
8000089444,5637149122,,,30OCT2014,02SEP2020,8379.00,COST IN TT BD,28MAY2021:14:34:36,0
8000089444,5637149122,,,30OCT2014,02SEP2020,4489.52,COST IN TT AD,28MAY2021:14:34:36,0
8000089444,5637149138,,,28OCT2015,31DEC2154,3753.00,PRIME COST,28MAY2021:14:34:36,0
8000089444,5637149138,,,28OCT2015,31DEC2154,8335.36,COST IN TT BD,28MAY2021:14:34:36,0
8000089444,5637149138,,,28OCT2015,31DEC2154,4098.43,COST IN TT AD,28MAY2021:14:34:36,0
8000089444,5637149154,,,25OCT2015,31DEC2154,3753.00,PRIME COST,28MAY2021:14:34:36,0
8000089444,5637149154,,,25OCT2015,31DEC2154,8372.08,COST IN TT BD,28MAY2021:14:34:36,0
8000089444,5637149154,,,25OCT2015,31DEC2154,4853.74,COST IN TT AD,28MAY2021:14:34:36,0
8000089444,5637149282,,,02MAY2014,31DEC2154,3753.00,PRIME COST,28MAY2021:14:34:36,0
8000089444,5637149282,,,02MAY2014,31DEC2154,7034.51,COST IN TT BD,28MAY2021:14:34:36,0
8000089444,5637149282,,,02MAY2014,31DEC2154,4641.35,COST IN TT AD,28MAY2021:14:34:36,0
8000089444,5637149414,,,15OCT2015,31JUL2019,3753.00,PRIME COST,28MAY2021:14:34:36,0
8000089444,5637149414,,,15OCT2015,31JUL2019,8267.57,COST IN TT BD,28MAY2021:14:34:36,0
8000089444,5637149414,,,15OCT2015,31JUL2019,4683.32,COST IN TT AD,28MAY2021:14:34:36,0
8000089444,5637149414,,,25OCT2019,31DEC2154,3753.00,PRIME COST,28MAY2021:14:34:36,0
8000089444,5637149414,,,25OCT2019,31DEC2154,8499.00,COST IN TT BD,28MAY2021:14:34:36,0
8000089444,5637149414,,,25OCT2019,31DEC2154,4461.98,COST IN TT AD,28MAY2021:14:34:36,0
8000089444,5637149542,,,25OCT2015,31DEC2154,3753.00,PRIME COST,28MAY2021:14:34:36,0
8000089444,5637149542,,,25OCT2015,31DEC2154,8340.18,COST IN TT BD,28MAY2021:14:34:36,0
8000089444,5637149542,,,25OCT2015,31DEC2154,4369.26,COST IN TT AD,28MAY2021:14:34:36,0
8000089444,5637149835,,,18OCT2015,31DEC2154,3753.00,PRIME COST,28MAY2021:14:34:36,0
8000089444,5637149835,,,18OCT2015,31DEC2154,8428.59,COST IN TT BD,28MAY2021:14:34:36,0
8000089444,5637149835,,,18OCT2015,31DEC2154,4148.54,COST IN TT AD,28MAY2021:14:34:36,0
8000089444,5637150141,,,27OCT2015,02SEP2020,3753.00,PRIME COST,28MAY2021:14:34:36,0
8000089444,5637150141,,,27OCT2015,02SEP2020,8349.00,COST IN TT BD,28MAY2021:14:34:36,0
8000089444,5637150141,,,27OCT2015,02SEP2020,4705.49,COST IN TT AD,28MAY2021:14:34:36,0
8000089444,5637151351,,,21OCT2015,31DEC2154,3753.00,PRIME COST,28MAY2021:14:34:36,0
8000089444,5637151351,,,21OCT2015,31DEC2154,8336.50,COST IN TT BD,28MAY2021:14:34:36,0
8000089444,5637151351,,,21OCT2015,31DEC2154,4099.42,COST IN TT AD,28MAY2021:14:34:36,0
8000089444,5637151675,,,03JUL2014,27JUN2019,3753.00,PRIME COST,28MAY2021:14:34:36,0
8000089444,5637151675,,,03JUL2014,27JUN2019,6504.30,COST IN TT BD,28MAY2021:14:34:36,0
8000089444,5637151675,,,03JUL2014,27JUN2019,4718.67,COST IN TT AD,28MAY2021:14:34:36,0
8000089444,5637151675,,,06SEP2019,31DEC2154,3753.00,PRIME COST,28MAY2021:14:34:36,0
8000089444,5637151675,,,06SEP2019,31DEC2154,7743.44,COST IN TT BD,28MAY2021:14:34:36,0
8000089444,5637151675,,,06SEP2019,31DEC2154,4516.95,COST IN TT AD,28MAY2021:14:34:36,0
8000089444,5637151774,,,29FEB2020,31DEC2154,3753.00,PRIME COST,28MAY2021:14:34:36,0
8000089444,5637151774,,,29FEB2020,31DEC2154,8499.00,COST IN TT BD,28MAY2021:14:34:36,0
8000089444,5637151774,,,29FEB2020,31DEC2154,5311.88,COST IN TT AD,28MAY2021:14:34:36,0
8000089444,7000006770,,,06DEC2015,31DEC2154,3753.00,PRIME COST,28MAY2021:14:34:36,0
8000089444,7000006770,,,06DEC2015,31DEC2154,8414.85,COST IN TT BD,28MAY2021:14:34:36,0
8000089444,7000006770,,,06DEC2015,31DEC2154,4702.13,COST IN TT AD,28MAY2021:14:34:36,0
8000089444,7000010505,,,04JAN2019,31DEC2154,3753.00,PRIME COST,28MAY2021:14:34:36,0
8000089444,7000010505,,,04JAN2019,31DEC2154,8499.00,COST IN TT BD,28MAY2021:14:34:36,0
8000089444,7000010505,,,04JAN2019,31DEC2154,4564.90,COST IN TT AD,28MAY2021:14:34:36,0
8000089444,9000026250,,,11FEB2019,31DEC2154,3753.00,PRIME COST,28MAY2021:14:34:36,0
8000089444,9000026250,,,11FEB2019,31DEC2154,8499.00,COST IN TT BD,28MAY2021:14:34:36,0
8000089444,9000026250,,,11FEB2019,31DEC2154,4669.59,COST IN TT AD,28MAY2021:14:34:36,0
8000089444,9000026255,,,06AUG2019,31DEC2154,3753.00,PRIME COST,28MAY2021:14:34:36,0
8000089444,9000026255,,,06AUG2019,31DEC2154,8499.00,COST IN TT BD,28MAY2021:14:34:36,0
8000089444,9000026255,,,06AUG2019,31DEC2154,4947.65,COST IN TT AD,28MAY2021:14:34:36,0
8000089444,9000048775,,,12FEB2016,25AUG2019,3753.00,PRIME COST,28MAY2021:14:34:36,0
8000089444,9000048775,,,12FEB2016,25AUG2019,7371.73,COST IN TT BD,28MAY2021:14:34:36,0
8000089444,9000048775,,,12FEB2016,25AUG2019,5966.94,COST IN TT AD,28MAY2021:14:34:36,0
8000089444,9000050250,,,05AUG2016,31DEC2154,3753.00,PRIME COST,28MAY2021:14:34:36,0
8000089444,9000050250,,,05AUG2016,31DEC2154,6276.80,COST IN TT BD,28MAY2021:14:34:36,0
8000089444,9000050250,,,05AUG2016,31DEC2154,4866.00,COST IN TT AD,28MAY2021:14:34:36,0
8000089444,9000051000,,,26DEC2018,31DEC2154,3753.00,PRIME COST,28MAY2021:14:34:36,0
8000089444,9000051000,,,26DEC2018,31DEC2154,8491.31,COST IN TT BD,28MAY2021:14:34:36,0
8000089444,9000051000,,,26DEC2018,31DEC2154,4847.81,COST IN TT AD,28MAY2021:14:34:36,0
8000089444,9000099755,,,18SEP2018,31DEC2154,3753.00,PRIME COST,28MAY2021:14:34:36,0
8000089444,9000099755,,,18SEP2018,31DEC2154,8443.44,COST IN TT BD,28MAY2021:14:34:36,0
8000089444,9000099755,,,18SEP2018,31DEC2154,4601.21,COST IN TT AD,28MAY2021:14:34:36,0
8000089444,9000102750,,,13DEC2018,31DEC2154,3753.00,PRIME COST,28MAY2021:14:34:36,0
8000089444,9000102750,,,13DEC2018,31DEC2154,8474.41,COST IN TT BD,28MAY2021:14:34:36,0
8000089444,9000102750,,,13DEC2018,31DEC2154,4653.43,COST IN TT AD,28MAY2021:14:34:36,0
8000089444,9000102755,,,10DEC2019,31DEC2154,3753.00,PRIME COST,28MAY2021:14:34:36,0
8000089444,9000102755,,,10DEC2019,31DEC2154,8499.00,COST IN TT BD,28MAY2021:14:34:36,0
8000089444,9000102755,,,10DEC2019,31DEC2154,4444.48,COST IN TT AD,28MAY2021:14:34:36,0
8000089444,9000102760,,,07FEB2019,31DEC2154,3753.00,PRIME COST,28MAY2021:14:34:36,0
8000089444,9000102760,,,07FEB2019,31DEC2154,8499.00,COST IN TT BD,28MAY2021:14:34:36,0
8000089444,9000102760,,,07FEB2019,31DEC2154,5360.91,COST IN TT AD,28MAY2021:14:34:36,0
8000089444,9000103500,,,08FEB2019,31DEC2154,3753.00,PRIME COST,28MAY2021:14:34:36,0
8000089444,9000103500,,,08FEB2019,31DEC2154,8499.00,COST IN TT BD,28MAY2021:14:34:36,0
8000089444,9000103500,,,08FEB2019,31DEC2154,4366.73,COST IN TT AD,28MAY2021:14:34:36,0
8000089444,9000111025,,,18MAY2018,27MAR2020,3753.00,PRIME COST,28MAY2021:14:34:36,0
8000089444,9000111025,,,18MAY2018,27MAR2020,8331.20,COST IN TT BD,28MAY2021:14:34:36,0
8000089444,9000111025,,,18MAY2018,27MAR2020,5273.93,COST IN TT AD,28MAY2021:14:34:36,0
8000089444,9000124504,,,01NOV2018,31DEC2154,3753.00,PRIME COST,28MAY2021:14:34:36,0
8000089444,9000124504,,,01NOV2018,31DEC2154,8416.24,COST IN TT BD,28MAY2021:14:34:36,0
8000089444,9000124504,,,01NOV2018,31DEC2154,4640.44,COST IN TT AD,28MAY2021:14:34:36,0
8000089444,9000132750,,,08JUN2019,31DEC2154,3753.00,PRIME COST,28MAY2021:14:34:36,0
8000089444,9000132750,,,08JUN2019,31DEC2154,8499.00,COST IN TT BD,28MAY2021:14:34:36,0
8000089444,9000132750,,,08JUN2019,31DEC2154,4109.14,COST IN TT AD,28MAY2021:14:34:36,0
8000089444,9000132755,,,05MAY2019,31DEC2154,3753.00,PRIME COST,28MAY2021:14:34:36,0
8000089444,9000132755,,,05MAY2019,31DEC2154,8499.00,COST IN TT BD,28MAY2021:14:34:36,0
8000089444,9000132755,,,05MAY2019,31DEC2154,4249.50,COST IN TT AD,28MAY2021:14:34:36,0
8000089444,9000135750,,,27AUG2019,31DEC2154,3753.00,PRIME COST,28MAY2021:14:34:36,0
8000089444,9000135750,,,27AUG2019,31DEC2154,8499.00,COST IN TT BD,28MAY2021:14:34:36,0
8000089444,9000135750,,,27AUG2019,31DEC2154,4851.51,COST IN TT AD,28MAY2021:14:34:36,0
8000089444,9000136500,,,07NOV2019,31DEC2154,3753.00,PRIME COST,28MAY2021:14:34:36,0
8000089444,9000136500,,,07NOV2019,31DEC2154,8499.00,COST IN TT BD,28MAY2021:14:34:36,0
8000089444,9000136500,,,07NOV2019,31DEC2154,5170.26,COST IN TT AD,28MAY2021:14:34:36,0
8000105714,5637144625,,,01NOV2019,31DEC2154,1834.19,PRIME COST,28MAY2021:14:34:36,0
8000105714,5637144625,,,01NOV2019,31DEC2154,4149.00,COST IN TT BD,28MAY2021:14:34:36,0
8000105714,5637144625,,,01NOV2019,31DEC2154,2230.09,COST IN TT AD,28MAY2021:14:34:36,0
8000105714,5637145298,,,27NOV2019,31DEC2154,1834.19,PRIME COST,28MAY2021:14:34:36,0
8000105714,5637145298,,,27NOV2019,31DEC2154,4149.00,COST IN TT BD,28MAY2021:14:34:36,0
8000105714,5637145298,,,27NOV2019,31DEC2154,2074.50,COST IN TT AD,28MAY2021:14:34:36,0
8000105714,5637145510,,,14FEB2019,02SEP2020,1834.19,PRIME COST,28MAY2021:14:34:36,0
8000105714,5637145510,,,14FEB2019,02SEP2020,4149.00,COST IN TT BD,28MAY2021:14:34:36,0
8000105714,5637145510,,,14FEB2019,02SEP2020,2296.16,COST IN TT AD,28MAY2021:14:34:36,0
8000105714,5637146282,,,25DEC2018,31DEC2154,1834.19,PRIME COST,28MAY2021:14:34:36,0
8000105714,5637146282,,,25DEC2018,31DEC2154,4114.00,COST IN TT BD,28MAY2021:14:34:36,0
8000105714,5637146282,,,25DEC2018,31DEC2154,2634.38,COST IN TT AD,28MAY2021:14:34:36,0
8000105714,5637146303,,,03NOV2019,02JUN2020,1834.19,PRIME COST,28MAY2021:14:34:36,0
8000105714,5637146303,,,03NOV2019,02JUN2020,4149.00,COST IN TT BD,28MAY2021:14:34:36,0
8000105714,5637146303,,,03NOV2019,02JUN2020,2240.46,COST IN TT AD,28MAY2021:14:34:36,0
8000105714,5637146393,,,02DEC2019,05JAN2020,1834.19,PRIME COST,28MAY2021:14:34:36,0
8000105714,5637146393,,,02DEC2019,05JAN2020,4149.00,COST IN TT BD,28MAY2021:14:34:36,0
8000105714,5637146393,,,02DEC2019,05JAN2020,2558.55,COST IN TT AD,28MAY2021:14:34:36,0
8000105714,5637147582,,,01OCT2019,31DEC2154,1834.19,PRIME COST,28MAY2021:14:34:36,0
8000105714,5637147582,,,01OCT2019,31DEC2154,4149.00,COST IN TT BD,28MAY2021:14:34:36,0
8000105714,5637147582,,,01OCT2019,31DEC2154,2212.80,COST IN TT AD,28MAY2021:14:34:36,0
8000105714,5637148806,,,14AUG2018,23FEB2019,1834.19,PRIME COST,28MAY2021:14:34:36,0
8000105714,5637148806,,,14AUG2018,23FEB2019,2659.00,COST IN TT BD,28MAY2021:14:34:36,0
8000105714,5637148806,,,14AUG2018,23FEB2019,2279.10,COST IN TT AD,28MAY2021:14:34:36,0
8000105714,5637149014,,,05SEP2019,31DEC2154,1834.19,PRIME COST,28MAY2021:14:34:36,0
8000105714,5637149014,,,05SEP2019,31DEC2154,3638.23,COST IN TT BD,28MAY2021:14:34:36,0
8000105714,5637149014,,,05SEP2019,31DEC2154,2361.62,COST IN TT AD,28MAY2021:14:34:36,0
8000105714,5637149018,,,26DEC2018,31DEC2154,1834.19,PRIME COST,28MAY2021:14:34:36,0
8000105714,5637149018,,,26DEC2018,31DEC2154,4114.00,COST IN TT BD,28MAY2021:14:34:36,0
8000105714,5637149018,,,26DEC2018,31DEC2154,2987.04,COST IN TT AD,28MAY2021:14:34:36,0
8000105714,5637149122,,,21DEC2018,02SEP2020,1834.19,PRIME COST,28MAY2021:14:34:36,0
8000105714,5637149122,,,21DEC2018,02SEP2020,4125.67,COST IN TT BD,28MAY2021:14:34:36,0
8000105714,5637149122,,,21DEC2018,02SEP2020,2848.82,COST IN TT AD,28MAY2021:14:34:36,0
8000105714,5637149138,,,19DEC2018,31DEC2154,1834.19,PRIME COST,28MAY2021:14:34:36,0
8000105714,5637149138,,,19DEC2018,31DEC2154,4112.64,COST IN TT BD,28MAY2021:14:34:36,0
8000105714,5637149138,,,19DEC2018,31DEC2154,2755.81,COST IN TT AD,28MAY2021:14:34:36,0
8000105714,5637149154,,,01NOV2019,31DEC2154,1834.19,PRIME COST,28MAY2021:14:34:36,0
8000105714,5637149154,,,01NOV2019,31DEC2154,4149.00,COST IN TT BD,28MAY2021:14:34:36,0
8000105714,5637149154,,,01NOV2019,31DEC2154,2212.80,COST IN TT AD,28MAY2021:14:34:36,0
8000105714,5637149282,,,12SEP2016,31DEC2154,1834.19,PRIME COST,28MAY2021:14:34:36,0
8000105714,5637149282,,,12SEP2016,31DEC2154,3595.67,COST IN TT BD,28MAY2021:14:34:36,0
8000105714,5637149282,,,12SEP2016,31DEC2154,2212.67,COST IN TT AD,28MAY2021:14:34:36,0
8000105714,5637149414,,,25OCT2019,31DEC2154,1834.19,PRIME COST,28MAY2021:14:34:36,0
8000105714,5637149414,,,25OCT2019,31DEC2154,4149.00,COST IN TT BD,28MAY2021:14:34:36,0
8000105714,5637149414,,,25OCT2019,31DEC2154,2281.95,COST IN TT AD,28MAY2021:14:34:36,0
8000105714,5637149835,,,04NOV2019,31DEC2154,1834.19,PRIME COST,28MAY2021:14:34:36,0
8000105714,5637149835,,,04NOV2019,31DEC2154,4149.00,COST IN TT BD,28MAY2021:14:34:36,0
8000105714,5637149835,,,04NOV2019,31DEC2154,2333.84,COST IN TT AD,28MAY2021:14:34:36,0
8000105714,5637150141,,,01NOV2019,02SEP2020,1834.19,PRIME COST,28MAY2021:14:34:36,0
8000105714,5637150141,,,01NOV2019,02SEP2020,4149.00,COST IN TT BD,28MAY2021:14:34:36,0
8000105714,5637150141,,,01NOV2019,02SEP2020,2281.95,COST IN TT AD,28MAY2021:14:34:36,0
8000105714,5637151675,,,06SEP2019,31DEC2154,1834.19,PRIME COST,28MAY2021:14:34:36,0
8000105714,5637151675,,,06SEP2019,31DEC2154,3411.22,COST IN TT BD,28MAY2021:14:34:36,0
8000105714,5637151675,,,06SEP2019,31DEC2154,2304.82,COST IN TT AD,28MAY2021:14:34:36,0
8000105714,7000006770,,,29DEC2018,31DEC2154,1834.19,PRIME COST,28MAY2021:14:34:36,0
8000105714,7000006770,,,29DEC2018,31DEC2154,4105.25,COST IN TT BD,28MAY2021:14:34:36,0
8000105714,7000006770,,,29DEC2018,31DEC2154,2670.61,COST IN TT AD,28MAY2021:14:34:36,0
8000105714,7000010505,,,21DEC2018,31DEC2154,1834.19,PRIME COST,28MAY2021:14:34:36,0
8000105714,7000010505,,,21DEC2018,31DEC2154,4127.13,COST IN TT BD,28MAY2021:14:34:36,0
8000105714,7000010505,,,21DEC2018,31DEC2154,2755.49,COST IN TT AD,28MAY2021:14:34:36,0
8000105714,9000026250,,,25DEC2018,31DEC2154,1834.19,PRIME COST,28MAY2021:14:34:36,0
8000105714,9000026250,,,25DEC2018,31DEC2154,4105.25,COST IN TT BD,28MAY2021:14:34:36,0
8000105714,9000026250,,,25DEC2018,31DEC2154,2126.08,COST IN TT AD,28MAY2021:14:34:36,0
8000105714,9000026255,,,14AUG2019,31DEC2154,1834.19,PRIME COST,28MAY2021:14:34:36,0
8000105714,9000026255,,,14AUG2019,31DEC2154,4149.00,COST IN TT BD,28MAY2021:14:34:36,0
8000105714,9000026255,,,14AUG2019,31DEC2154,2370.89,COST IN TT AD,28MAY2021:14:34:36,0
8000105714,9000034500,,,08NOV2019,31DEC2154,1834.19,PRIME COST,28MAY2021:14:34:36,0
8000105714,9000034500,,,08NOV2019,31DEC2154,4149.00,COST IN TT BD,28MAY2021:14:34:36,0
8000105714,9000034500,,,08NOV2019,31DEC2154,2385.68,COST IN TT AD,28MAY2021:14:34:36,0
8000105714,9000048775,,,03OCT2016,25AUG2019,1834.19,PRIME COST,28MAY2021:14:34:36,0
8000105714,9000048775,,,03OCT2016,25AUG2019,3646.36,COST IN TT BD,28MAY2021:14:34:36,0
8000105714,9000048775,,,03OCT2016,25AUG2019,3085.32,COST IN TT AD,28MAY2021:14:34:36,0
8000105714,9000050250,,,17JUL2018,31DEC2154,1834.19,PRIME COST,28MAY2021:14:34:36,0
8000105714,9000050250,,,17JUL2018,31DEC2154,2891.37,COST IN TT BD,28MAY2021:14:34:36,0
8000105714,9000050250,,,17JUL2018,31DEC2154,2308.41,COST IN TT AD,28MAY2021:14:34:36,0
8000105714,9000051000,,,31OCT2019,31DEC2154,1834.19,PRIME COST,28MAY2021:14:34:36,0
8000105714,9000051000,,,31OCT2019,31DEC2154,4149.00,COST IN TT BD,28MAY2021:14:34:36,0
8000105714,9000051000,,,31OCT2019,31DEC2154,2212.80,COST IN TT AD,28MAY2021:14:34:36,0
8000105714,9000099755,,,19DEC2018,31DEC2154,1834.19,PRIME COST,28MAY2021:14:34:36,0
8000105714,9000099755,,,19DEC2018,31DEC2154,4122.08,COST IN TT BD,28MAY2021:14:34:36,0
8000105714,9000099755,,,19DEC2018,31DEC2154,2840.29,COST IN TT AD,28MAY2021:14:34:36,0
8000105714,9000102750,,,08OCT2019,31DEC2154,1834.19,PRIME COST,28MAY2021:14:34:36,0
8000105714,9000102750,,,08OCT2019,31DEC2154,4149.00,COST IN TT BD,28MAY2021:14:34:36,0
8000105714,9000102750,,,08OCT2019,31DEC2154,2250.00,COST IN TT AD,28MAY2021:14:34:36,0
8000105714,9000102755,,,10DEC2019,31DEC2154,1834.19,PRIME COST,28MAY2021:14:34:36,0
8000105714,9000102755,,,10DEC2019,31DEC2154,4149.00,COST IN TT BD,28MAY2021:14:34:36,0
8000105714,9000102755,,,10DEC2019,31DEC2154,2074.50,COST IN TT AD,28MAY2021:14:34:36,0
8000105714,9000102760,,,01NOV2019,31DEC2154,1834.19,PRIME COST,28MAY2021:14:34:36,0
8000105714,9000102760,,,01NOV2019,31DEC2154,4149.00,COST IN TT BD,28MAY2021:14:34:36,0
8000105714,9000102760,,,01NOV2019,31DEC2154,2212.80,COST IN TT AD,28MAY2021:14:34:36,0
8000105714,9000103500,,,19DEC2018,31DEC2154,1834.19,PRIME COST,28MAY2021:14:34:36,0
8000105714,9000103500,,,19DEC2018,31DEC2154,4122.08,COST IN TT BD,28MAY2021:14:34:36,0
8000105714,9000103500,,,19DEC2018,31DEC2154,2800.95,COST IN TT AD,28MAY2021:14:34:36,0
8000105714,9000111025,,,11JUN2019,25MAR2020,1834.19,PRIME COST,28MAY2021:14:34:36,0
8000105714,9000111025,,,11JUN2019,25MAR2020,4150.00,COST IN TT BD,28MAY2021:14:34:36,0
8000105714,9000111025,,,11JUN2019,25MAR2020,2464.94,COST IN TT AD,28MAY2021:14:34:36,0
8000105714,9000124504,,,03OCT2019,31DEC2154,1834.19,PRIME COST,28MAY2021:14:34:36,0
8000105714,9000124504,,,03OCT2019,31DEC2154,4149.00,COST IN TT BD,28MAY2021:14:34:36,0
8000105714,9000124504,,,03OCT2019,31DEC2154,2074.50,COST IN TT AD,28MAY2021:14:34:36,0
8000105714,9000132750,,,08JUN2019,31DEC2154,1834.19,PRIME COST,28MAY2021:14:34:36,0
8000105714,9000132750,,,08JUN2019,31DEC2154,4149.00,COST IN TT BD,28MAY2021:14:34:36,0
8000105714,9000132750,,,08JUN2019,31DEC2154,3191.08,COST IN TT AD,28MAY2021:14:34:36,0
8000145055,5637144625,,,02JAN2014,31DEC2154,83.77,PRIME COST,28MAY2021:14:34:36,0
8000145055,5637144625,,,02JAN2014,31DEC2154,441.05,COST IN TT BD,28MAY2021:14:34:36,0
8000145055,5637144625,,,02JAN2014,31DEC2154,252.18,COST IN TT AD,28MAY2021:14:34:36,0
8000145055,5637144813,,,02JAN2014,31DEC2154,83.77,PRIME COST,28MAY2021:14:34:36,0
8000145055,5637144813,,,02JAN2014,31DEC2154,463.72,COST IN TT BD,28MAY2021:14:34:36,0
8000145055,5637144813,,,02JAN2014,31DEC2154,265.79,COST IN TT AD,28MAY2021:14:34:36,0
8000145055,5637145298,,,29NOV2012,31AUG2019,83.77,PRIME COST,28MAY2021:14:34:36,0
8000145055,5637145298,,,29NOV2012,31AUG2019,457.26,COST IN TT BD,28MAY2021:14:34:36,0
8000145055,5637145298,,,29NOV2012,31AUG2019,280.00,COST IN TT AD,28MAY2021:14:34:36,0
8000145055,5637145298,,,27NOV2019,31DEC2154,83.77,PRIME COST,28MAY2021:14:34:36,0
8000145055,5637145298,,,27NOV2019,31DEC2154,427.14,COST IN TT BD,28MAY2021:14:34:36,0
8000145055,5637145298,,,27NOV2019,31DEC2154,299.00,COST IN TT AD,28MAY2021:14:34:36,0
8000145055,5637145506,,,23NOV2012,28APR2018,83.77,PRIME COST,28MAY2021:14:34:36,0
8000145055,5637145506,,,23NOV2012,28APR2018,449.00,COST IN TT BD,28MAY2021:14:34:36,0
8000145055,5637145506,,,23NOV2012,28APR2018,449.00,COST IN TT AD,28MAY2021:14:34:36,0
8000145055,5637145514,,,27NOV2012,15FEB2019,83.77,PRIME COST,28MAY2021:14:34:36,0
8000145055,5637145514,,,27NOV2012,15FEB2019,556.00,COST IN TT BD,28MAY2021:14:34:36,0
8000145055,5637145514,,,27NOV2012,15FEB2019,393.43,COST IN TT AD,28MAY2021:14:34:36,0
8000145055,5637145681,,,09NOV2019,31DEC2154,83.77,PRIME COST,28MAY2021:14:34:36,0
8000145055,5637145681,,,09NOV2019,31DEC2154,427.14,COST IN TT BD,28MAY2021:14:34:36,0
8000145055,5637145681,,,09NOV2019,31DEC2154,299.00,COST IN TT AD,28MAY2021:14:34:36,0
8000145055,5637145838,,,21MAY2013,31DEC2154,83.77,PRIME COST,28MAY2021:14:34:36,0
8000145055,5637145838,,,21MAY2013,31DEC2154,421.58,COST IN TT BD,28MAY2021:14:34:36,0
8000145055,5637145838,,,21MAY2013,31DEC2154,269.97,COST IN TT AD,28MAY2021:14:34:36,0
8000145055,5637146282,,,29MAR2019,31DEC2154,83.77,PRIME COST,28MAY2021:14:34:36,0
8000145055,5637146282,,,29MAR2019,31DEC2154,401.83,COST IN TT BD,28MAY2021:14:34:36,0
8000145055,5637146282,,,29MAR2019,31DEC2154,235.93,COST IN TT AD,28MAY2021:14:34:36,0
8000145055,5637146285,,,02JAN2014,01JUN2020,83.77,PRIME COST,28MAY2021:14:34:36,0
8000145055,5637146285,,,02JAN2014,01JUN2020,455.60,COST IN TT BD,28MAY2021:14:34:36,0
8000145055,5637146285,,,02JAN2014,01JUN2020,297.78,COST IN TT AD,28MAY2021:14:34:36,0
8000145055,5637146288,,,02JAN2014,31DEC2154,83.77,PRIME COST,28MAY2021:14:34:36,0
8000145055,5637146288,,,02JAN2014,31DEC2154,447.43,COST IN TT BD,28MAY2021:14:34:36,0
8000145055,5637146288,,,02JAN2014,31DEC2154,293.27,COST IN TT AD,28MAY2021:14:34:36,0
8000145055,5637146303,,,01JAN2014,02JUN2020,83.77,PRIME COST,28MAY2021:14:34:36,0
8000145055,5637146303,,,01JAN2014,02JUN2020,451.39,COST IN TT BD,28MAY2021:14:34:36,0
8000145055,5637146303,,,01JAN2014,02JUN2020,276.84,COST IN TT AD,28MAY2021:14:34:36,0
8000145055,5637146393,,,23NOV2012,05JAN2020,83.77,PRIME COST,28MAY2021:14:34:36,0
8000145055,5637146393,,,23NOV2012,05JAN2020,445.19,COST IN TT BD,28MAY2021:14:34:36,0
8000145055,5637146393,,,23NOV2012,05JAN2020,273.22,COST IN TT AD,28MAY2021:14:34:36,0
8000145055,5637146393,,,15MAR2020,31DEC2154,83.77,PRIME COST,28MAY2021:14:34:36,0
8000145055,5637146393,,,15MAR2020,31DEC2154,427.14,COST IN TT BD,28MAY2021:14:34:36,0
8000145055,5637146393,,,15MAR2020,31DEC2154,299.00,COST IN TT AD,28MAY2021:14:34:36,0
8000145055,5637147471,,,02JAN2014,31DEC2154,83.77,PRIME COST,28MAY2021:14:34:36,0
8000145055,5637147471,,,02JAN2014,31DEC2154,440.79,COST IN TT BD,28MAY2021:14:34:36,0
8000145055,5637147471,,,02JAN2014,31DEC2154,286.45,COST IN TT AD,28MAY2021:14:34:36,0
8000145055,5637147475,,,02JAN2014,31DEC2154,83.77,PRIME COST,28MAY2021:14:34:36,0
8000145055,5637147475,,,02JAN2014,31DEC2154,459.65,COST IN TT BD,28MAY2021:14:34:36,0
8000145055,5637147475,,,02JAN2014,31DEC2154,276.27,COST IN TT AD,28MAY2021:14:34:36,0
8000145055,5637147582,,,30NOV2012,28JUL2019,83.77,PRIME COST,28MAY2021:14:34:36,0
8000145055,5637147582,,,30NOV2012,28JUL2019,444.60,COST IN TT BD,28MAY2021:14:34:36,0
8000145055,5637147582,,,30NOV2012,28JUL2019,279.22,COST IN TT AD,28MAY2021:14:34:36,0
8000145055,5637147582,,,01OCT2019,31DEC2154,83.77,PRIME COST,28MAY2021:14:34:36,0
8000145055,5637147582,,,01OCT2019,31DEC2154,427.20,COST IN TT BD,28MAY2021:14:34:36,0
8000145055,5637147582,,,01OCT2019,31DEC2154,282.54,COST IN TT AD,28MAY2021:14:34:36,0
8000145055,5637148054,,,21MAY2013,31DEC2154,83.77,PRIME COST,28MAY2021:14:34:36,0
8000145055,5637148054,,,21MAY2013,31DEC2154,469.77,COST IN TT BD,28MAY2021:14:34:36,0
8000145055,5637148054,,,21MAY2013,31DEC2154,273.60,COST IN TT AD,28MAY2021:14:34:36,0
8000145055,5637148204,,,23NOV2012,01SEP2019,83.77,PRIME COST,28MAY2021:14:34:36,0
8000145055,5637148204,,,23NOV2012,01SEP2019,469.66,COST IN TT BD,28MAY2021:14:34:36,0
8000145055,5637148204,,,23NOV2012,01SEP2019,270.57,COST IN TT AD,28MAY2021:14:34:36,0
8000145055,5637148204,,,06NOV2019,31DEC2154,83.77,PRIME COST,28MAY2021:14:34:36,0
8000145055,5637148204,,,06NOV2019,31DEC2154,427.35,COST IN TT BD,28MAY2021:14:34:36,0
8000145055,5637148204,,,06NOV2019,31DEC2154,289.61,COST IN TT AD,28MAY2021:14:34:36,0
8000145055,5637148806,,,23NOV2012,15APR2019,83.77,PRIME COST,28MAY2021:14:34:36,0
8000145055,5637148806,,,23NOV2012,15APR2019,501.54,COST IN TT BD,28MAY2021:14:34:36,0
8000145055,5637148806,,,23NOV2012,15APR2019,326.37,COST IN TT AD,28MAY2021:14:34:36,0
8000145055,5637149014,,,23AUG2019,31DEC2154,83.77,PRIME COST,28MAY2021:14:34:36,0
8000145055,5637149014,,,23AUG2019,31DEC2154,412.63,COST IN TT BD,28MAY2021:14:34:36,0
8000145055,5637149014,,,23AUG2019,31DEC2154,254.52,COST IN TT AD,28MAY2021:14:34:36,0
8000145055,5637149018,,,23AUG2019,31DEC2154,83.77,PRIME COST,28MAY2021:14:34:36,0
8000145055,5637149018,,,23AUG2019,31DEC2154,418.30,COST IN TT BD,28MAY2021:14:34:36,0
8000145055,5637149018,,,23AUG2019,31DEC2154,269.95,COST IN TT AD,28MAY2021:14:34:36,0
8000145055,5637149102,,,21MAY2013,02SEP2020,83.77,PRIME COST,28MAY2021:14:34:36,0
8000145055,5637149102,,,21MAY2013,02SEP2020,443.55,COST IN TT BD,28MAY2021:14:34:36,0
8000145055,5637149102,,,21MAY2013,02SEP2020,265.22,COST IN TT AD,28MAY2021:14:34:36,0
8000145055,5637149138,,,21AUG2018,31DEC2154,83.77,PRIME COST,28MAY2021:14:34:36,0
8000145055,5637149138,,,21AUG2018,31DEC2154,446.50,COST IN TT BD,28MAY2021:14:34:36,0
8000145055,5637149138,,,21AUG2018,31DEC2154,263.40,COST IN TT AD,28MAY2021:14:34:36,0
8000145055,5637149154,,,28JAN2014,31DEC2154,83.77,PRIME COST,28MAY2021:14:34:36,0
8000145055,5637149154,,,28JAN2014,31DEC2154,445.02,COST IN TT BD,28MAY2021:14:34:36,0
8000145055,5637149154,,,28JAN2014,31DEC2154,275.66,COST IN TT AD,28MAY2021:14:34:36,0
8000145055,5637149238,,,23AUG2019,31DEC2154,83.77,PRIME COST,28MAY2021:14:34:36,0
8000145055,5637149238,,,23AUG2019,31DEC2154,415.89,COST IN TT BD,28MAY2021:14:34:36,0
8000145055,5637149238,,,23AUG2019,31DEC2154,234.25,COST IN TT AD,28MAY2021:14:34:36,0
8000145055,5637149282,,,29MAR2019,31DEC2154,83.77,PRIME COST,28MAY2021:14:34:36,0
8000145055,5637149282,,,29MAR2019,31DEC2154,399.95,COST IN TT BD,28MAY2021:14:34:36,0
8000145055,5637149282,,,29MAR2019,31DEC2154,232.58,COST IN TT AD,28MAY2021:14:34:36,0
8000145055,5637149414,,,29MAR2019,31JUL2019,83.77,PRIME COST,28MAY2021:14:34:36,0
8000145055,5637149414,,,29MAR2019,31JUL2019,381.50,COST IN TT BD,28MAY2021:14:34:36,0
8000145055,5637149414,,,29MAR2019,31JUL2019,213.68,COST IN TT AD,28MAY2021:14:34:36,0
8000145055,5637149414,,,25OCT2019,31DEC2154,83.77,PRIME COST,28MAY2021:14:34:36,0
8000145055,5637149414,,,25OCT2019,31DEC2154,427.43,COST IN TT BD,28MAY2021:14:34:36,0
8000145055,5637149414,,,25OCT2019,31DEC2154,261.94,COST IN TT AD,28MAY2021:14:34:36,0
8000145055,5637149442,,,23OCT2015,31DEC2154,83.77,PRIME COST,28MAY2021:14:34:36,0
8000145055,5637149442,,,23OCT2015,31DEC2154,439.76,COST IN TT BD,28MAY2021:14:34:36,0
8000145055,5637149442,,,23OCT2015,31DEC2154,255.80,COST IN TT AD,28MAY2021:14:34:36,0
8000145055,5637149542,,,28MAY2014,31DEC2154,83.77,PRIME COST,28MAY2021:14:34:36,0
8000145055,5637149542,,,28MAY2014,31DEC2154,459.06,COST IN TT BD,28MAY2021:14:34:36,0
8000145055,5637149542,,,28MAY2014,31DEC2154,288.60,COST IN TT AD,28MAY2021:14:34:36,0
8000145055,5637149921,,,09AUG2014,01AUG2020,83.77,PRIME COST,28MAY2021:14:34:36,0
8000145055,5637149921,,,09AUG2014,01AUG2020,433.78,COST IN TT BD,28MAY2021:14:34:36,0
8000145055,5637149921,,,09AUG2014,01AUG2020,229.15,COST IN TT AD,28MAY2021:14:34:36,0
8000145055,5637150141,,,27AUG2015,02SEP2020,83.77,PRIME COST,28MAY2021:14:34:36,0
8000145055,5637150141,,,27AUG2015,02SEP2020,462.28,COST IN TT BD,28MAY2021:14:34:36,0
8000145055,5637150141,,,27AUG2015,02SEP2020,298.12,COST IN TT AD,28MAY2021:14:34:36,0
8000145055,5637151351,,,23JUL2014,31DEC2154,83.77,PRIME COST,28MAY2021:14:34:36,0
8000145055,5637151351,,,23JUL2014,31DEC2154,437.09,COST IN TT BD,28MAY2021:14:34:36,0
8000145055,5637151351,,,23JUL2014,31DEC2154,261.85,COST IN TT AD,28MAY2021:14:34:36,0
8000145055,5637151675,,,20JUN2013,27JUN2019,83.77,PRIME COST,28MAY2021:14:34:36,0
8000145055,5637151675,,,20JUN2013,27JUN2019,493.34,COST IN TT BD,28MAY2021:14:34:36,0
8000145055,5637151675,,,20JUN2013,27JUN2019,323.55,COST IN TT AD,28MAY2021:14:34:36,0
8000145055,5637151675,,,06SEP2019,31DEC2154,83.77,PRIME COST,28MAY2021:14:34:36,0
8000145055,5637151675,,,06SEP2019,31DEC2154,418.44,COST IN TT BD,28MAY2021:14:34:36,0
8000145055,5637151675,,,06SEP2019,31DEC2154,260.56,COST IN TT AD,28MAY2021:14:34:36,0
8000145055,5637151774,,,28NOV2013,05JAN2020,83.77,PRIME COST,28MAY2021:14:34:36,0
8000145055,5637151774,,,28NOV2013,05JAN2020,439.37,COST IN TT BD,28MAY2021:14:34:36,0
8000145055,5637151774,,,28NOV2013,05JAN2020,252.51,COST IN TT AD,28MAY2021:14:34:36,0
8000145055,5637151774,,,29FEB2020,31DEC2154,83.77,PRIME COST,28MAY2021:14:34:36,0
8000145055,5637151774,,,29FEB2020,31DEC2154,427.14,COST IN TT BD,28MAY2021:14:34:36,0
8000145055,5637151774,,,29FEB2020,31DEC2154,291.88,COST IN TT AD,28MAY2021:14:34:36,0
8000145055,7000006770,,,24NOV2015,31DEC2154,83.77,PRIME COST,28MAY2021:14:34:36,0
8000145055,7000006770,,,24NOV2015,31DEC2154,432.17,COST IN TT BD,28MAY2021:14:34:36,0
8000145055,7000006770,,,24NOV2015,31DEC2154,266.15,COST IN TT AD,28MAY2021:14:34:36,0
8000145055,7000010505,,,23AUG2019,31DEC2154,83.77,PRIME COST,28MAY2021:14:34:36,0
8000145055,7000010505,,,23AUG2019,31DEC2154,417.82,COST IN TT BD,28MAY2021:14:34:36,0
8000145055,7000010505,,,23AUG2019,31DEC2154,261.76,COST IN TT AD,28MAY2021:14:34:36,0
8000145055,9000026250,,,23AUG2019,31DEC2154,83.77,PRIME COST,28MAY2021:14:34:36,0
8000145055,9000026250,,,23AUG2019,31DEC2154,416.32,COST IN TT BD,28MAY2021:14:34:36,0
8000145055,9000026250,,,23AUG2019,31DEC2154,254.23,COST IN TT AD,28MAY2021:14:34:36,0
8000145055,9000026255,,,21AUG2018,31DEC2154,83.77,PRIME COST,28MAY2021:14:34:36,0
8000145055,9000026255,,,21AUG2018,31DEC2154,453.35,COST IN TT BD,28MAY2021:14:34:36,0
8000145055,9000026255,,,21AUG2018,31DEC2154,268.04,COST IN TT AD,28MAY2021:14:34:36,0
8000145055,9000034500,,,07APR2018,31DEC2154,83.77,PRIME COST,28MAY2021:14:34:36,0
8000145055,9000034500,,,07APR2018,31DEC2154,447.43,COST IN TT BD,28MAY2021:14:34:36,0
8000145055,9000034500,,,07APR2018,31DEC2154,271.15,COST IN TT AD,28MAY2021:14:34:36,0
8000145055,9000051000,,,23AUG2019,31DEC2154,83.77,PRIME COST,28MAY2021:14:34:36,0
8000145055,9000051000,,,23AUG2019,31DEC2154,416.92,COST IN TT BD,28MAY2021:14:34:36,0
8000145055,9000051000,,,23AUG2019,31DEC2154,263.48,COST IN TT AD,28MAY2021:14:34:36,0
8000145055,9000066000,,,29MAR2019,31DEC2154,83.77,PRIME COST,28MAY2021:14:34:36,0
8000145055,9000066000,,,29MAR2019,31DEC2154,425.46,COST IN TT BD,28MAY2021:14:34:36,0
8000145055,9000066000,,,29MAR2019,31DEC2154,241.97,COST IN TT AD,28MAY2021:14:34:36,0
8000145055,9000099755,,,23AUG2019,31DEC2154,83.77,PRIME COST,28MAY2021:14:34:36,0
8000145055,9000099755,,,23AUG2019,31DEC2154,422.24,COST IN TT BD,28MAY2021:14:34:36,0
8000145055,9000099755,,,23AUG2019,31DEC2154,255.57,COST IN TT AD,28MAY2021:14:34:36,0
8000145055,9000103500,,,21AUG2018,31DEC2154,83.77,PRIME COST,28MAY2021:14:34:36,0
8000145055,9000103500,,,21AUG2018,31DEC2154,460.20,COST IN TT BD,28MAY2021:14:34:36,0
8000145055,9000103500,,,21AUG2018,31DEC2154,278.42,COST IN TT AD,28MAY2021:14:34:36,0
8000145055,9000132755,,,23AUG2019,31DEC2154,83.77,PRIME COST,28MAY2021:14:34:36,0
8000145055,9000132755,,,23AUG2019,31DEC2154,419.86,COST IN TT BD,28MAY2021:14:34:36,0
8000145055,9000132755,,,23AUG2019,31DEC2154,258.74,COST IN TT AD,28MAY2021:14:34:36,0
9000271526,5637144625,,,01AUG2017,31DEC2154,3150.00,PRIME COST,28MAY2021:14:34:36,0
9000271526,5637144625,,,01AUG2017,31DEC2154,8701.27,COST IN TT BD,28MAY2021:14:34:36,0
9000271526,5637144625,,,01AUG2017,31DEC2154,5535.44,COST IN TT AD,28MAY2021:14:34:36,0
9000271526,5637144813,,,01AUG2017,31DEC2154,3150.00,PRIME COST,28MAY2021:14:34:36,0
9000271526,5637144813,,,01AUG2017,31DEC2154,8080.82,COST IN TT BD,28MAY2021:14:34:36,0
9000271526,5637144813,,,01AUG2017,31DEC2154,5233.18,COST IN TT AD,28MAY2021:14:34:36,0
9000271526,5637145298,,,01AUG2017,31AUG2019,3150.00,PRIME COST,28MAY2021:14:34:36,0
9000271526,5637145298,,,01AUG2017,31AUG2019,6279.69,COST IN TT BD,28MAY2021:14:34:36,0
9000271526,5637145298,,,01AUG2017,31AUG2019,4945.27,COST IN TT AD,28MAY2021:14:34:36,0
9000271526,5637145298,,,27NOV2019,31DEC2154,3150.00,PRIME COST,28MAY2021:14:34:36,0
9000271526,5637145298,,,27NOV2019,31DEC2154,6132.33,COST IN TT BD,28MAY2021:14:34:36,0
9000271526,5637145298,,,27NOV2019,31DEC2154,4599.17,COST IN TT AD,28MAY2021:14:34:36,0
9000271526,5637145506,,,01AUG2017,26MAY2018,3150.00,PRIME COST,28MAY2021:14:34:36,0
9000271526,5637145506,,,01AUG2017,26MAY2018,7349.00,COST IN TT BD,28MAY2021:14:34:36,0
9000271526,5637145506,,,01AUG2017,26MAY2018,5513.58,COST IN TT AD,28MAY2021:14:34:36,0
9000271526,5637145510,,,01AUG2017,02SEP2020,3150.00,PRIME COST,28MAY2021:14:34:36,0
9000271526,5637145510,,,01AUG2017,02SEP2020,8736.93,COST IN TT BD,28MAY2021:14:34:36,0
9000271526,5637145510,,,01AUG2017,02SEP2020,4814.69,COST IN TT AD,28MAY2021:14:34:36,0
9000271526,5637145514,,,01AUG2017,01NOV2018,3150.00,PRIME COST,28MAY2021:14:34:36,0
9000271526,5637145514,,,01AUG2017,01NOV2018,8182.33,COST IN TT BD,28MAY2021:14:34:36,0
9000271526,5637145514,,,01AUG2017,01NOV2018,5152.58,COST IN TT AD,28MAY2021:14:34:36,0
9000271526,5637145681,,,01AUG2017,18AUG2019,3150.00,PRIME COST,28MAY2021:14:34:36,0
9000271526,5637145681,,,01AUG2017,18AUG2019,8382.33,COST IN TT BD,28MAY2021:14:34:36,0
9000271526,5637145681,,,01AUG2017,18AUG2019,4840.33,COST IN TT AD,28MAY2021:14:34:36,0
9000271526,5637145681,,,09NOV2019,31DEC2154,3150.00,PRIME COST,28MAY2021:14:34:36,0
9000271526,5637145681,,,09NOV2019,31DEC2154,9199.00,COST IN TT BD,28MAY2021:14:34:36,0
9000271526,5637145681,,,09NOV2019,31DEC2154,4599.50,COST IN TT AD,28MAY2021:14:34:36,0
9000271526,5637145838,,,01AUG2017,31DEC2154,3150.00,PRIME COST,28MAY2021:14:34:36,0
9000271526,5637145838,,,01AUG2017,31DEC2154,8586.50,COST IN TT BD,28MAY2021:14:34:36,0
9000271526,5637145838,,,01AUG2017,31DEC2154,4167.93,COST IN TT AD,28MAY2021:14:34:36,0
9000271526,5637146282,,,01AUG2017,31DEC2154,3150.00,PRIME COST,28MAY2021:14:34:36,0
9000271526,5637146282,,,01AUG2017,31DEC2154,8850.43,COST IN TT BD,28MAY2021:14:34:36,0
9000271526,5637146282,,,01AUG2017,31DEC2154,4352.67,COST IN TT AD,28MAY2021:14:34:36,0
9000271526,5637146285,,,01AUG2017,01JUN2020,3150.00,PRIME COST,28MAY2021:14:34:36,0
9000271526,5637146285,,,01AUG2017,01JUN2020,8667.37,COST IN TT BD,28MAY2021:14:34:36,0
9000271526,5637146285,,,01AUG2017,01JUN2020,6271.55,COST IN TT AD,28MAY2021:14:34:36,0
9000271526,5637146288,,,01AUG2017,31DEC2154,3150.00,PRIME COST,28MAY2021:14:34:36,0
9000271526,5637146288,,,01AUG2017,31DEC2154,8896.73,COST IN TT BD,28MAY2021:14:34:36,0
9000271526,5637146288,,,01AUG2017,31DEC2154,4272.07,COST IN TT AD,28MAY2021:14:34:36,0
9000271526,5637146303,,,01AUG2017,02JUN2020,3150.00,PRIME COST,28MAY2021:14:34:36,0
9000271526,5637146303,,,01AUG2017,02JUN2020,8850.88,COST IN TT BD,28MAY2021:14:34:36,0
9000271526,5637146303,,,01AUG2017,02JUN2020,6373.96,COST IN TT AD,28MAY2021:14:34:36,0
9000271526,5637146393,,,01AUG2017,05JAN2020,3150.00,PRIME COST,28MAY2021:14:34:36,0
9000271526,5637146393,,,01AUG2017,05JAN2020,8753.08,COST IN TT BD,28MAY2021:14:34:36,0
9000271526,5637146393,,,01AUG2017,05JAN2020,5574.97,COST IN TT AD,28MAY2021:14:34:36,0
9000271526,5637147254,,,01AUG2017,31DEC2154,3150.00,PRIME COST,28MAY2021:14:34:36,0
9000271526,5637147254,,,01AUG2017,31DEC2154,8726.78,COST IN TT BD,28MAY2021:14:34:36,0
9000271526,5637147254,,,01AUG2017,31DEC2154,4906.00,COST IN TT AD,28MAY2021:14:34:36,0
9000271526,5637147471,,,01AUG2017,31DEC2154,3150.00,PRIME COST,28MAY2021:14:34:36,0
9000271526,5637147471,,,01AUG2017,31DEC2154,8758.09,COST IN TT BD,28MAY2021:14:34:36,0
9000271526,5637147471,,,01AUG2017,31DEC2154,4666.69,COST IN TT AD,28MAY2021:14:34:36,0
9000271526,5637147475,,,01AUG2017,31DEC2154,3150.00,PRIME COST,28MAY2021:14:34:36,0
9000271526,5637147475,,,01AUG2017,31DEC2154,8465.67,COST IN TT BD,28MAY2021:14:34:36,0
9000271526,5637147475,,,01AUG2017,31DEC2154,4998.00,COST IN TT AD,28MAY2021:14:34:36,0
9000271526,5637147582,,,01AUG2017,28JUL2019,3150.00,PRIME COST,28MAY2021:14:34:36,0
9000271526,5637147582,,,01AUG2017,28JUL2019,8263.71,COST IN TT BD,28MAY2021:14:34:36,0
9000271526,5637147582,,,01AUG2017,28JUL2019,5257.68,COST IN TT AD,28MAY2021:14:34:36,0
9000271526,5637147582,,,01OCT2019,31DEC2154,3150.00,PRIME COST,28MAY2021:14:34:36,0
9000271526,5637147582,,,01OCT2019,31DEC2154,9199.00,COST IN TT BD,28MAY2021:14:34:36,0
9000271526,5637147582,,,01OCT2019,31DEC2154,4599.50,COST IN TT AD,28MAY2021:14:34:36,0
9000271526,5637148054,,,01AUG2017,31DEC2154,3150.00,PRIME COST,28MAY2021:14:34:36,0
9000271526,5637148054,,,01AUG2017,31DEC2154,8395.15,COST IN TT BD,28MAY2021:14:34:36,0
9000271526,5637148054,,,01AUG2017,31DEC2154,4605.96,COST IN TT AD,28MAY2021:14:34:36,0
9000271526,5637148190,,,01AUG2017,31DEC2154,3150.00,PRIME COST,28MAY2021:14:34:36,0
9000271526,5637148190,,,01AUG2017,31DEC2154,8763.29,COST IN TT BD,28MAY2021:14:34:36,0
9000271526,5637148190,,,01AUG2017,31DEC2154,5298.34,COST IN TT AD,28MAY2021:14:34:36,0
9000271526,5637148204,,,01AUG2017,01SEP2019,3150.00,PRIME COST,28MAY2021:14:34:36,0
9000271526,5637148204,,,01AUG2017,01SEP2019,8284.00,COST IN TT BD,28MAY2021:14:34:36,0
9000271526,5637148204,,,01AUG2017,01SEP2019,3830.30,COST IN TT AD,28MAY2021:14:34:36,0
9000271526,5637148204,,,06NOV2019,31DEC2154,3150.00,PRIME COST,28MAY2021:14:34:36,0
9000271526,5637148204,,,06NOV2019,31DEC2154,9199.00,COST IN TT BD,28MAY2021:14:34:36,0
9000271526,5637148204,,,06NOV2019,31DEC2154,4599.50,COST IN TT AD,28MAY2021:14:34:36,0
9000271526,5637148806,,,01AUG2017,18APR2019,3150.00,PRIME COST,28MAY2021:14:34:36,0
9000271526,5637148806,,,01AUG2017,18APR2019,6144.54,COST IN TT BD,28MAY2021:14:34:36,0
9000271526,5637148806,,,01AUG2017,18APR2019,5371.14,COST IN TT AD,28MAY2021:14:34:36,0
9000271526,5637149014,,,01AUG2017,22APR2018,3150.00,PRIME COST,28MAY2021:14:34:36,0
9000271526,5637149014,,,01AUG2017,22APR2018,7349.00,COST IN TT BD,28MAY2021:14:34:36,0
9000271526,5637149014,,,01AUG2017,22APR2018,3688.91,COST IN TT AD,28MAY2021:14:34:36,0
9000271526,5637149014,,,15OCT2018,31DEC2154,3150.00,PRIME COST,28MAY2021:14:34:36,0
9000271526,5637149014,,,15OCT2018,31DEC2154,6230.61,COST IN TT BD,28MAY2021:14:34:36,0
9000271526,5637149014,,,15OCT2018,31DEC2154,4888.98,COST IN TT AD,28MAY2021:14:34:36,0
9000271526,5637149018,,,01AUG2017,15JUL2018,3150.00,PRIME COST,28MAY2021:14:34:36,0
9000271526,5637149018,,,01AUG2017,15JUL2018,7349.00,COST IN TT BD,28MAY2021:14:34:36,0
9000271526,5637149018,,,01AUG2017,15JUL2018,4776.85,COST IN TT AD,28MAY2021:14:34:36,0
9000271526,5637149018,,,26OCT2018,31DEC2154,3150.00,PRIME COST,28MAY2021:14:34:36,0
9000271526,5637149018,,,26OCT2018,31DEC2154,8970.43,COST IN TT BD,28MAY2021:14:34:36,0
9000271526,5637149018,,,26OCT2018,31DEC2154,5722.15,COST IN TT AD,28MAY2021:14:34:36,0
9000271526,5637149102,,,01AUG2017,02SEP2020,3150.00,PRIME COST,28MAY2021:14:34:36,0
9000271526,5637149102,,,01AUG2017,02SEP2020,8430.25,COST IN TT BD,28MAY2021:14:34:36,0
9000271526,5637149102,,,01AUG2017,02SEP2020,2713.38,COST IN TT AD,28MAY2021:14:34:36,0
9000271526,5637149122,,,01AUG2017,02SEP2020,3150.00,PRIME COST,28MAY2021:14:34:36,0
9000271526,5637149122,,,01AUG2017,02SEP2020,8875.47,COST IN TT BD,28MAY2021:14:34:36,0
9000271526,5637149122,,,01AUG2017,02SEP2020,5442.72,COST IN TT AD,28MAY2021:14:34:36,0
9000271526,5637149138,,,01AUG2017,31DEC2154,3150.00,PRIME COST,28MAY2021:14:34:36,0
9000271526,5637149138,,,01AUG2017,31DEC2154,8775.92,COST IN TT BD,28MAY2021:14:34:36,0
9000271526,5637149138,,,01AUG2017,31DEC2154,5187.62,COST IN TT AD,28MAY2021:14:34:36,0
9000271526,5637149154,,,01AUG2017,31DEC2154,3150.00,PRIME COST,28MAY2021:14:34:36,0
9000271526,5637149154,,,01AUG2017,31DEC2154,8839.91,COST IN TT BD,28MAY2021:14:34:36,0
9000271526,5637149154,,,01AUG2017,31DEC2154,4995.07,COST IN TT AD,28MAY2021:14:34:36,0
9000271526,5637149238,,,01AUG2017,31DEC2154,3150.00,PRIME COST,28MAY2021:14:34:36,0
9000271526,5637149238,,,01AUG2017,31DEC2154,8721.22,COST IN TT BD,28MAY2021:14:34:36,0
9000271526,5637149238,,,01AUG2017,31DEC2154,4748.76,COST IN TT AD,28MAY2021:14:34:36,0
9000271526,5637149282,,,01AUG2017,31DEC2154,3150.00,PRIME COST,28MAY2021:14:34:36,0
9000271526,5637149282,,,01AUG2017,31DEC2154,6681.07,COST IN TT BD,28MAY2021:14:34:36,0
9000271526,5637149282,,,01AUG2017,31DEC2154,4952.90,COST IN TT AD,28MAY2021:14:34:36,0
9000271526,5637149414,,,01AUG2017,31JUL2019,3150.00,PRIME COST,28MAY2021:14:34:36,0
9000271526,5637149414,,,01AUG2017,31JUL2019,8540.67,COST IN TT BD,28MAY2021:14:34:36,0
9000271526,5637149414,,,01AUG2017,31JUL2019,5638.20,COST IN TT AD,28MAY2021:14:34:36,0
9000271526,5637149414,,,25OCT2019,31DEC2154,3150.00,PRIME COST,28MAY2021:14:34:36,0
9000271526,5637149414,,,25OCT2019,31DEC2154,9199.00,COST IN TT BD,28MAY2021:14:34:36,0
9000271526,5637149414,,,25OCT2019,31DEC2154,4599.50,COST IN TT AD,28MAY2021:14:34:36,0
9000271526,5637149442,,,01AUG2017,31DEC2154,3150.00,PRIME COST,28MAY2021:14:34:36,0
9000271526,5637149442,,,01AUG2017,31DEC2154,8683.62,COST IN TT BD,28MAY2021:14:34:36,0
9000271526,5637149442,,,01AUG2017,31DEC2154,5134.52,COST IN TT AD,28MAY2021:14:34:36,0
9000271526,5637149542,,,01AUG2017,31DEC2154,3150.00,PRIME COST,28MAY2021:14:34:36,0
9000271526,5637149542,,,01AUG2017,31DEC2154,8339.00,COST IN TT BD,28MAY2021:14:34:36,0
9000271526,5637149542,,,01AUG2017,31DEC2154,4785.38,COST IN TT AD,28MAY2021:14:34:36,0
9000271526,5637149835,,,01AUG2017,31DEC2154,3150.00,PRIME COST,28MAY2021:14:34:36,0
9000271526,5637149835,,,01AUG2017,31DEC2154,8749.00,COST IN TT BD,28MAY2021:14:34:36,0
9000271526,5637149835,,,01AUG2017,31DEC2154,4608.00,COST IN TT AD,28MAY2021:14:34:36,0
9000271526,5637149921,,,01AUG2017,01AUG2020,3150.00,PRIME COST,28MAY2021:14:34:36,0
9000271526,5637149921,,,01AUG2017,01AUG2020,8278.17,COST IN TT BD,28MAY2021:14:34:36,0
9000271526,5637149921,,,01AUG2017,01AUG2020,4260.08,COST IN TT AD,28MAY2021:14:34:36,0
9000271526,5637150141,,,01AUG2017,02SEP2020,3150.00,PRIME COST,28MAY2021:14:34:36,0
9000271526,5637150141,,,01AUG2017,02SEP2020,8842.75,COST IN TT BD,28MAY2021:14:34:36,0
9000271526,5637150141,,,01AUG2017,02SEP2020,4913.47,COST IN TT AD,28MAY2021:14:34:36,0
9000271526,5637151351,,,01AUG2017,31DEC2154,3150.00,PRIME COST,28MAY2021:14:34:36,0
9000271526,5637151351,,,01AUG2017,31DEC2154,8589.00,COST IN TT BD,28MAY2021:14:34:36,0
9000271526,5637151351,,,01AUG2017,31DEC2154,5355.83,COST IN TT AD,28MAY2021:14:34:36,0
9000271526,5637151675,,,01AUG2017,27JUN2019,3150.00,PRIME COST,28MAY2021:14:34:36,0
9000271526,5637151675,,,01AUG2017,27JUN2019,5878.57,COST IN TT BD,28MAY2021:14:34:36,0
9000271526,5637151675,,,01AUG2017,27JUN2019,5035.67,COST IN TT AD,28MAY2021:14:34:36,0
9000271526,5637151675,,,06SEP2019,31DEC2154,3150.00,PRIME COST,28MAY2021:14:34:36,0
9000271526,5637151675,,,06SEP2019,31DEC2154,5913.29,COST IN TT BD,28MAY2021:14:34:36,0
9000271526,5637151675,,,06SEP2019,31DEC2154,4599.14,COST IN TT AD,28MAY2021:14:34:36,0
9000271526,5637151774,,,01AUG2017,05JAN2020,3150.00,PRIME COST,28MAY2021:14:34:36,0
9000271526,5637151774,,,01AUG2017,05JAN2020,8689.00,COST IN TT BD,28MAY2021:14:34:36,0
9000271526,5637151774,,,01AUG2017,05JAN2020,5431.27,COST IN TT AD,28MAY2021:14:34:36,0
9000271526,5637151774,,,29FEB2020,31DEC2154,3150.00,PRIME COST,28MAY2021:14:34:36,0
9000271526,5637151774,,,29FEB2020,31DEC2154,9199.00,COST IN TT BD,28MAY2021:14:34:36,0
9000271526,5637151774,,,29FEB2020,31DEC2154,4599.50,COST IN TT AD,28MAY2021:14:34:36,0
9000271526,7000006770,,,01AUG2017,31DEC2154,3150.00,PRIME COST,28MAY2021:14:34:36,0
9000271526,7000006770,,,01AUG2017,31DEC2154,8817.75,COST IN TT BD,28MAY2021:14:34:36,0
9000271526,7000006770,,,01AUG2017,31DEC2154,5844.00,COST IN TT AD,28MAY2021:14:34:36,0
9000271526,7000010505,,,01AUG2017,31DEC2154,3150.00,PRIME COST,28MAY2021:14:34:36,0
9000271526,7000010505,,,01AUG2017,31DEC2154,8803.41,COST IN TT BD,28MAY2021:14:34:36,0
9000271526,7000010505,,,01AUG2017,31DEC2154,5234.45,COST IN TT AD,28MAY2021:14:34:36,0
9000271526,9000026250,,,01AUG2017,31DEC2154,3150.00,PRIME COST,28MAY2021:14:34:36,0
9000271526,9000026250,,,01AUG2017,31DEC2154,8701.50,COST IN TT BD,28MAY2021:14:34:36,0
9000271526,9000026250,,,01AUG2017,31DEC2154,4974.64,COST IN TT AD,28MAY2021:14:34:36,0
9000271526,9000026255,,,01AUG2017,31DEC2154,3150.00,PRIME COST,28MAY2021:14:34:36,0
9000271526,9000026255,,,01AUG2017,31DEC2154,8984.71,COST IN TT BD,28MAY2021:14:34:36,0
9000271526,9000026255,,,01AUG2017,31DEC2154,4830.09,COST IN TT AD,28MAY2021:14:34:36,0
9000271526,9000034500,,,01AUG2017,02APR2018,3150.00,PRIME COST,28MAY2021:14:34:36,0
9000271526,9000034500,,,01AUG2017,02APR2018,7349.00,COST IN TT BD,28MAY2021:14:34:36,0
9000271526,9000034500,,,01AUG2017,02APR2018,3610.04,COST IN TT AD,28MAY2021:14:34:36,0
9000271526,9000034500,,,07APR2018,31DEC2154,3150.00,PRIME COST,28MAY2021:14:34:36,0
9000271526,9000034500,,,07APR2018,31DEC2154,8772.33,COST IN TT BD,28MAY2021:14:34:36,0
9000271526,9000034500,,,07APR2018,31DEC2154,4021.18,COST IN TT AD,28MAY2021:14:34:36,0
9000271526,9000048775,,,07SEP2017,22AUG2019,3150.00,PRIME COST,28MAY2021:14:34:36,0
9000271526,9000048775,,,07SEP2017,22AUG2019,8537.67,COST IN TT BD,28MAY2021:14:34:36,0
9000271526,9000048775,,,07SEP2017,22AUG2019,5063.53,COST IN TT AD,28MAY2021:14:34:36,0
9000271526,9000050250,,,01AUG2017,31DEC2154,3150.00,PRIME COST,28MAY2021:14:34:36,0
9000271526,9000050250,,,01AUG2017,31DEC2154,7065.39,COST IN TT BD,28MAY2021:14:34:36,0
9000271526,9000050250,,,01AUG2017,31DEC2154,5376.31,COST IN TT AD,28MAY2021:14:34:36,0
9000271526,9000051000,,,01AUG2017,31DEC2154,3150.00,PRIME COST,28MAY2021:14:34:36,0
9000271526,9000051000,,,01AUG2017,31DEC2154,8633.62,COST IN TT BD,28MAY2021:14:34:36,0
9000271526,9000051000,,,01AUG2017,31DEC2154,4948.53,COST IN TT AD,28MAY2021:14:34:36,0
9000271526,9000066000,,,01AUG2017,31DEC2154,3150.00,PRIME COST,28MAY2021:14:34:36,0
9000271526,9000066000,,,01AUG2017,31DEC2154,8736.50,COST IN TT BD,28MAY2021:14:34:36,0
9000271526,9000066000,,,01AUG2017,31DEC2154,4368.25,COST IN TT AD,28MAY2021:14:34:36,0
9000271526,9000099755,,,27DEC2017,31DEC2154,3150.00,PRIME COST,28MAY2021:14:34:36,0
9000271526,9000099755,,,27DEC2017,31DEC2154,8331.35,COST IN TT BD,28MAY2021:14:34:36,0
9000271526,9000099755,,,27DEC2017,31DEC2154,4231.59,COST IN TT AD,28MAY2021:14:34:36,0
9000271526,9000102750,,,16JUL2018,31DEC2154,3150.00,PRIME COST,28MAY2021:14:34:36,0
9000271526,9000102750,,,16JUL2018,31DEC2154,9045.67,COST IN TT BD,28MAY2021:14:34:36,0
9000271526,9000102750,,,16JUL2018,31DEC2154,5390.67,COST IN TT AD,28MAY2021:14:34:36,0
9000271526,9000102755,,,10DEC2019,31DEC2154,3150.00,PRIME COST,28MAY2021:14:34:36,0
9000271526,9000102755,,,10DEC2019,31DEC2154,9199.00,COST IN TT BD,28MAY2021:14:34:36,0
9000271526,9000102755,,,10DEC2019,31DEC2154,4823.96,COST IN TT AD,28MAY2021:14:34:36,0
9000271526,9000102760,,,30JUN2018,31DEC2154,3150.00,PRIME COST,28MAY2021:14:34:36,0
9000271526,9000102760,,,30JUN2018,31DEC2154,9113.29,COST IN TT BD,28MAY2021:14:34:36,0
9000271526,9000102760,,,30JUN2018,31DEC2154,4453.77,COST IN TT AD,28MAY2021:14:34:36,0
9000271526,9000103500,,,20APR2018,31DEC2154,3150.00,PRIME COST,28MAY2021:14:34:36,0
9000271526,9000103500,,,20APR2018,31DEC2154,8772.91,COST IN TT BD,28MAY2021:14:34:36,0
9000271526,9000103500,,,20APR2018,31DEC2154,4376.01,COST IN TT AD,28MAY2021:14:34:36,0
9000271526,9000111025,,,18MAY2018,31DEC2154,3150.00,PRIME COST,28MAY2021:14:34:36,0
9000271526,9000111025,,,18MAY2018,31DEC2154,8939.35,COST IN TT BD,28MAY2021:14:34:36,0
9000271526,9000111025,,,18MAY2018,31DEC2154,4533.18,COST IN TT AD,28MAY2021:14:34:36,0
9000271526,9000124504,,,01NOV2018,31DEC2154,3150.00,PRIME COST,28MAY2021:14:34:36,0
9000271526,9000124504,,,01NOV2018,31DEC2154,9030.25,COST IN TT BD,28MAY2021:14:34:36,0
9000271526,9000124504,,,01NOV2018,31DEC2154,5509.83,COST IN TT AD,28MAY2021:14:34:36,0
9000271526,9000132750,,,24JUN2019,31DEC2154,3150.00,PRIME COST,28MAY2021:14:34:36,0
9000271526,9000132750,,,24JUN2019,31DEC2154,9199.00,COST IN TT BD,28MAY2021:14:34:36,0
9000271526,9000132750,,,24JUN2019,31DEC2154,4834.17,COST IN TT AD,28MAY2021:14:34:36,0
9000271526,9000132755,,,05MAY2019,31DEC2154,3150.00,PRIME COST,28MAY2021:14:34:36,0
9000271526,9000132755,,,05MAY2019,31DEC2154,9199.00,COST IN TT BD,28MAY2021:14:34:36,0
9000271526,9000132755,,,05MAY2019,31DEC2154,5174.44,COST IN TT AD,28MAY2021:14:34:36,0
9000271526,9000135750,,,27AUG2019,31DEC2154,3150.00,PRIME COST,28MAY2021:14:34:36,0
9000271526,9000135750,,,27AUG2019,31DEC2154,9199.00,COST IN TT BD,28MAY2021:14:34:36,0
9000271526,9000135750,,,27AUG2019,31DEC2154,5289.43,COST IN TT AD,28MAY2021:14:34:36,0
9000271526,9000136500,,,09NOV2019,31DEC2154,3150.00,PRIME COST,28MAY2021:14:34:36,0
9000271526,9000136500,,,09NOV2019,31DEC2154,9199.00,COST IN TT BD,28MAY2021:14:34:36,0
9000271526,9000136500,,,09NOV2019,31DEC2154,4599.50,COST IN TT AD,28MAY2021:14:34:36,0
9000400501,5637144625,,,28MAR2018,31DEC2154,4.43,PRIME COST,28MAY2021:14:34:36,0
9000400501,5637144625,,,28MAR2018,31DEC2154,4242.75,COST IN TT BD,28MAY2021:14:34:36,0
9000400501,5637144625,,,28MAR2018,31DEC2154,4242.74,COST IN TT AD,28MAY2021:14:34:36,0
9000400501,5637144813,,,28MAR2018,31DEC2154,4.43,PRIME COST,28MAY2021:14:34:36,0
9000400501,5637144813,,,28MAR2018,31DEC2154,3773.34,COST IN TT BD,28MAY2021:14:34:36,0
9000400501,5637144813,,,28MAR2018,31DEC2154,3773.34,COST IN TT AD,28MAY2021:14:34:36,0
9000400501,5637145298,,,28MAR2018,31AUG2019,4.43,PRIME COST,28MAY2021:14:34:36,0
9000400501,5637145298,,,28MAR2018,31AUG2019,2757.69,COST IN TT BD,28MAY2021:14:34:36,0
9000400501,5637145298,,,28MAR2018,31AUG2019,2757.69,COST IN TT AD,28MAY2021:14:34:36,0
9000400501,5637145298,,,27NOV2019,31DEC2154,4.43,PRIME COST,28MAY2021:14:34:36,0
9000400501,5637145298,,,27NOV2019,31DEC2154,3999.57,COST IN TT BD,28MAY2021:14:34:36,0
9000400501,5637145298,,,27NOV2019,31DEC2154,3999.57,COST IN TT AD,28MAY2021:14:34:36,0
9000400501,5637145506,,,13NOV2017,25MAY2018,4.43,PRIME COST,28MAY2021:14:34:36,0
9000400501,5637145506,,,13NOV2017,25MAY2018,3478.79,COST IN TT BD,28MAY2021:14:34:36,0
9000400501,5637145506,,,13NOV2017,25MAY2018,3478.79,COST IN TT AD,28MAY2021:14:34:36,0
9000400501,5637145510,,,28MAR2018,02SEP2020,4.43,PRIME COST,28MAY2021:14:34:36,0
9000400501,5637145510,,,28MAR2018,02SEP2020,3628.43,COST IN TT BD,28MAY2021:14:34:36,0
9000400501,5637145510,,,28MAR2018,02SEP2020,3628.43,COST IN TT AD,28MAY2021:14:34:36,0
9000400501,5637145514,,,14NOV2017,26MAR2019,4.43,PRIME COST,28MAY2021:14:34:36,0
9000400501,5637145514,,,14NOV2017,26MAR2019,3225.31,COST IN TT BD,28MAY2021:14:34:36,0
9000400501,5637145514,,,14NOV2017,26MAR2019,3225.31,COST IN TT AD,28MAY2021:14:34:36,0
9000400501,5637145681,,,28MAR2018,18AUG2019,4.43,PRIME COST,28MAY2021:14:34:36,0
9000400501,5637145681,,,28MAR2018,18AUG2019,2622.52,COST IN TT BD,28MAY2021:14:34:36,0
9000400501,5637145681,,,28MAR2018,18AUG2019,2622.52,COST IN TT AD,28MAY2021:14:34:36,0
9000400501,5637145681,,,09NOV2019,31DEC2154,4.43,PRIME COST,28MAY2021:14:34:36,0
9000400501,5637145681,,,09NOV2019,31DEC2154,2888.39,COST IN TT BD,28MAY2021:14:34:36,0
9000400501,5637145681,,,09NOV2019,31DEC2154,2888.39,COST IN TT AD,28MAY2021:14:34:36,0
9000400501,5637145838,,,28MAR2018,31DEC2154,4.43,PRIME COST,28MAY2021:14:34:36,0
9000400501,5637145838,,,28MAR2018,31DEC2154,3169.71,COST IN TT BD,28MAY2021:14:34:36,0
9000400501,5637145838,,,28MAR2018,31DEC2154,3169.71,COST IN TT AD,28MAY2021:14:34:36,0
9000400501,5637146282,,,28MAR2018,31DEC2154,4.43,PRIME COST,28MAY2021:14:34:36,0
9000400501,5637146282,,,28MAR2018,31DEC2154,3154.41,COST IN TT BD,28MAY2021:14:34:36,0
9000400501,5637146282,,,28MAR2018,31DEC2154,3154.41,COST IN TT AD,28MAY2021:14:34:36,0
9000400501,5637146285,,,28MAR2018,01JUN2020,4.43,PRIME COST,28MAY2021:14:34:36,0
9000400501,5637146285,,,28MAR2018,01JUN2020,4086.05,COST IN TT BD,28MAY2021:14:34:36,0
9000400501,5637146285,,,28MAR2018,01JUN2020,4086.05,COST IN TT AD,28MAY2021:14:34:36,0
9000400501,5637146288,,,28MAR2018,31DEC2154,4.43,PRIME COST,28MAY2021:14:34:36,0
9000400501,5637146288,,,28MAR2018,31DEC2154,2995.13,COST IN TT BD,28MAY2021:14:34:36,0
9000400501,5637146288,,,28MAR2018,31DEC2154,2995.13,COST IN TT AD,28MAY2021:14:34:36,0
9000400501,5637146303,,,28MAR2018,02JUN2020,4.43,PRIME COST,28MAY2021:14:34:36,0
9000400501,5637146303,,,28MAR2018,02JUN2020,4475.19,COST IN TT BD,28MAY2021:14:34:36,0
9000400501,5637146303,,,28MAR2018,02JUN2020,4475.19,COST IN TT AD,28MAY2021:14:34:36,0
9000400501,5637146393,,,28MAR2018,05JAN2020,4.43,PRIME COST,28MAY2021:14:34:36,0
9000400501,5637146393,,,28MAR2018,05JAN2020,3299.05,COST IN TT BD,28MAY2021:14:34:36,0
9000400501,5637146393,,,28MAR2018,05JAN2020,3299.05,COST IN TT AD,28MAY2021:14:34:36,0
9000400501,5637146393,,,15MAR2020,31DEC2154,4.43,PRIME COST,28MAY2021:14:34:36,0
9000400501,5637146393,,,15MAR2020,31DEC2154,10000.00,COST IN TT BD,28MAY2021:14:34:36,0
9000400501,5637146393,,,15MAR2020,31DEC2154,10000.00,COST IN TT AD,28MAY2021:14:34:36,0
9000400501,5637147254,,,28MAR2018,31DEC2154,4.43,PRIME COST,28MAY2021:14:34:36,0
9000400501,5637147254,,,28MAR2018,31DEC2154,3165.83,COST IN TT BD,28MAY2021:14:34:36,0
9000400501,5637147254,,,28MAR2018,31DEC2154,3165.83,COST IN TT AD,28MAY2021:14:34:36,0
9000400501,5637147471,,,28MAR2018,31DEC2154,4.43,PRIME COST,28MAY2021:14:34:36,0
9000400501,5637147471,,,28MAR2018,31DEC2154,3796.68,COST IN TT BD,28MAY2021:14:34:36,0
9000400501,5637147471,,,28MAR2018,31DEC2154,3796.68,COST IN TT AD,28MAY2021:14:34:36,0
9000400501,5637147475,,,28MAR2018,31DEC2154,4.43,PRIME COST,28MAY2021:14:34:36,0
9000400501,5637147475,,,28MAR2018,31DEC2154,4054.72,COST IN TT BD,28MAY2021:14:34:36,0
9000400501,5637147475,,,28MAR2018,31DEC2154,4054.72,COST IN TT AD,28MAY2021:14:34:36,0
9000400501,5637147582,,,28MAR2018,28JUL2019,4.43,PRIME COST,28MAY2021:14:34:36,0
9000400501,5637147582,,,28MAR2018,28JUL2019,3145.46,COST IN TT BD,28MAY2021:14:34:36,0
9000400501,5637147582,,,28MAR2018,28JUL2019,3145.46,COST IN TT AD,28MAY2021:14:34:36,0
9000400501,5637147582,,,01OCT2019,31DEC2154,4.43,PRIME COST,28MAY2021:14:34:36,0
9000400501,5637147582,,,01OCT2019,31DEC2154,4131.36,COST IN TT BD,28MAY2021:14:34:36,0
9000400501,5637147582,,,01OCT2019,31DEC2154,4131.36,COST IN TT AD,28MAY2021:14:34:36,0
9000400501,5637148054,,,28MAR2018,31DEC2154,4.43,PRIME COST,28MAY2021:14:34:36,0
9000400501,5637148054,,,28MAR2018,31DEC2154,4088.87,COST IN TT BD,28MAY2021:14:34:36,0
9000400501,5637148054,,,28MAR2018,31DEC2154,4088.87,COST IN TT AD,28MAY2021:14:34:36,0
9000400501,5637148190,,,28MAR2018,31DEC2154,4.43,PRIME COST,28MAY2021:14:34:36,0
9000400501,5637148190,,,28MAR2018,31DEC2154,3162.38,COST IN TT BD,28MAY2021:14:34:36,0
9000400501,5637148190,,,28MAR2018,31DEC2154,3162.38,COST IN TT AD,28MAY2021:14:34:36,0
9000400501,5637148204,,,28MAR2018,01SEP2019,4.43,PRIME COST,28MAY2021:14:34:36,0
9000400501,5637148204,,,28MAR2018,01SEP2019,2953.64,COST IN TT BD,28MAY2021:14:34:36,0
9000400501,5637148204,,,28MAR2018,01SEP2019,2953.64,COST IN TT AD,28MAY2021:14:34:36,0
9000400501,5637148204,,,06NOV2019,31DEC2154,4.43,PRIME COST,28MAY2021:14:34:36,0
9000400501,5637148204,,,06NOV2019,31DEC2154,2795.16,COST IN TT BD,28MAY2021:14:34:36,0
9000400501,5637148204,,,06NOV2019,31DEC2154,2795.16,COST IN TT AD,28MAY2021:14:34:36,0
9000400501,5637148806,,,15NOV2017,10MAR2019,4.43,PRIME COST,28MAY2021:14:34:36,0
9000400501,5637148806,,,15NOV2017,10MAR2019,3697.98,COST IN TT BD,28MAY2021:14:34:36,0
9000400501,5637148806,,,15NOV2017,10MAR2019,3697.98,COST IN TT AD,28MAY2021:14:34:36,0
9000400501,5637149014,,,28MAR2018,22APR2018,4.43,PRIME COST,28MAY2021:14:34:36,0
9000400501,5637149014,,,28MAR2018,22APR2018,4940.91,COST IN TT BD,28MAY2021:14:34:36,0
9000400501,5637149014,,,28MAR2018,22APR2018,4940.91,COST IN TT AD,28MAY2021:14:34:36,0
9000400501,5637149014,,,15OCT2018,31DEC2154,4.43,PRIME COST,28MAY2021:14:34:36,0
9000400501,5637149014,,,15OCT2018,31DEC2154,3552.60,COST IN TT BD,28MAY2021:14:34:36,0
9000400501,5637149014,,,15OCT2018,31DEC2154,3552.60,COST IN TT AD,28MAY2021:14:34:36,0
9000400501,5637149018,,,28MAR2018,15JUL2018,4.43,PRIME COST,28MAY2021:14:34:36,0
9000400501,5637149018,,,28MAR2018,15JUL2018,3909.20,COST IN TT BD,28MAY2021:14:34:36,0
9000400501,5637149018,,,28MAR2018,15JUL2018,3909.20,COST IN TT AD,28MAY2021:14:34:36,0
9000400501,5637149018,,,26OCT2018,31DEC2154,4.43,PRIME COST,28MAY2021:14:34:36,0
9000400501,5637149018,,,26OCT2018,31DEC2154,3903.12,COST IN TT BD,28MAY2021:14:34:36,0
9000400501,5637149018,,,26OCT2018,31DEC2154,3903.12,COST IN TT AD,28MAY2021:14:34:36,0
9000400501,5637149102,,,28MAR2018,02SEP2020,4.43,PRIME COST,28MAY2021:14:34:36,0
9000400501,5637149102,,,28MAR2018,02SEP2020,2985.06,COST IN TT BD,28MAY2021:14:34:36,0
9000400501,5637149102,,,28MAR2018,02SEP2020,2985.06,COST IN TT AD,28MAY2021:14:34:36,0
9000400501,5637149122,,,28MAR2018,02SEP2020,4.43,PRIME COST,28MAY2021:14:34:36,0
9000400501,5637149122,,,28MAR2018,02SEP2020,5000.42,COST IN TT BD,28MAY2021:14:34:36,0
9000400501,5637149122,,,28MAR2018,02SEP2020,5000.42,COST IN TT AD,28MAY2021:14:34:36,0
9000400501,5637149138,,,28MAR2018,31DEC2154,4.43,PRIME COST,28MAY2021:14:34:36,0
9000400501,5637149138,,,28MAR2018,31DEC2154,2812.67,COST IN TT BD,28MAY2021:14:34:36,0
9000400501,5637149138,,,28MAR2018,31DEC2154,2812.67,COST IN TT AD,28MAY2021:14:34:36,0
9000400501,5637149154,,,28MAR2018,31DEC2154,4.43,PRIME COST,28MAY2021:14:34:36,0
9000400501,5637149154,,,28MAR2018,31DEC2154,2936.72,COST IN TT BD,28MAY2021:14:34:36,0
9000400501,5637149154,,,28MAR2018,31DEC2154,2936.72,COST IN TT AD,28MAY2021:14:34:36,0
9000400501,5637149238,,,28MAR2018,31DEC2154,4.43,PRIME COST,28MAY2021:14:34:36,0
9000400501,5637149238,,,28MAR2018,31DEC2154,2849.01,COST IN TT BD,28MAY2021:14:34:36,0
9000400501,5637149238,,,28MAR2018,31DEC2154,2849.01,COST IN TT AD,28MAY2021:14:34:36,0
9000400501,5637149282,,,28MAR2018,31DEC2154,4.43,PRIME COST,28MAY2021:14:34:36,0
9000400501,5637149282,,,28MAR2018,31DEC2154,4255.98,COST IN TT BD,28MAY2021:14:34:36,0
9000400501,5637149282,,,28MAR2018,31DEC2154,4255.98,COST IN TT AD,28MAY2021:14:34:36,0
9000400501,5637149414,,,28MAR2018,31JUL2019,4.43,PRIME COST,28MAY2021:14:34:36,0
9000400501,5637149414,,,28MAR2018,31JUL2019,3936.62,COST IN TT BD,28MAY2021:14:34:36,0
9000400501,5637149414,,,28MAR2018,31JUL2019,3936.62,COST IN TT AD,28MAY2021:14:34:36,0
9000400501,5637149414,,,25OCT2019,31DEC2154,4.43,PRIME COST,28MAY2021:14:34:36,0
9000400501,5637149414,,,25OCT2019,31DEC2154,4130.18,COST IN TT BD,28MAY2021:14:34:36,0
9000400501,5637149414,,,25OCT2019,31DEC2154,4130.18,COST IN TT AD,28MAY2021:14:34:36,0
9000400501,5637149442,,,28MAR2018,31DEC2154,4.43,PRIME COST,28MAY2021:14:34:36,0
9000400501,5637149442,,,28MAR2018,31DEC2154,2572.27,COST IN TT BD,28MAY2021:14:34:36,0
9000400501,5637149442,,,28MAR2018,31DEC2154,2572.27,COST IN TT AD,28MAY2021:14:34:36,0
9000400501,5637149542,,,28MAR2018,31DEC2154,4.43,PRIME COST,28MAY2021:14:34:36,0
9000400501,5637149542,,,28MAR2018,31DEC2154,2877.91,COST IN TT BD,28MAY2021:14:34:36,0
9000400501,5637149542,,,28MAR2018,31DEC2154,2877.91,COST IN TT AD,28MAY2021:14:34:36,0
9000400501,5637149835,,,28MAR2018,31DEC2154,4.43,PRIME COST,28MAY2021:14:34:36,0
9000400501,5637149835,,,28MAR2018,31DEC2154,3391.67,COST IN TT BD,28MAY2021:14:34:36,0
9000400501,5637149835,,,28MAR2018,31DEC2154,3391.67,COST IN TT AD,28MAY2021:14:34:36,0
9000400501,5637149921,,,28MAR2018,01AUG2020,4.43,PRIME COST,28MAY2021:14:34:36,0
9000400501,5637149921,,,28MAR2018,01AUG2020,2668.98,COST IN TT BD,28MAY2021:14:34:36,0
9000400501,5637149921,,,28MAR2018,01AUG2020,2668.98,COST IN TT AD,28MAY2021:14:34:36,0
9000400501,5637150141,,,28MAR2018,02SEP2020,4.43,PRIME COST,28MAY2021:14:34:36,0
9000400501,5637150141,,,28MAR2018,02SEP2020,4167.77,COST IN TT BD,28MAY2021:14:34:36,0
9000400501,5637150141,,,28MAR2018,02SEP2020,4167.77,COST IN TT AD,28MAY2021:14:34:36,0
9000400501,5637151351,,,28MAR2018,31DEC2154,4.43,PRIME COST,28MAY2021:14:34:36,0
9000400501,5637151351,,,28MAR2018,31DEC2154,3766.18,COST IN TT BD,28MAY2021:14:34:36,0
9000400501,5637151351,,,28MAR2018,31DEC2154,3766.18,COST IN TT AD,28MAY2021:14:34:36,0
9000400501,5637151675,,,28MAR2018,27JUN2019,4.43,PRIME COST,28MAY2021:14:34:36,0
9000400501,5637151675,,,28MAR2018,27JUN2019,3535.60,COST IN TT BD,28MAY2021:14:34:36,0
9000400501,5637151675,,,28MAR2018,27JUN2019,3535.60,COST IN TT AD,28MAY2021:14:34:36,0
9000400501,5637151675,,,06SEP2019,31DEC2154,4.43,PRIME COST,28MAY2021:14:34:36,0
9000400501,5637151675,,,06SEP2019,31DEC2154,3601.63,COST IN TT BD,28MAY2021:14:34:36,0
9000400501,5637151675,,,06SEP2019,31DEC2154,3601.63,COST IN TT AD,28MAY2021:14:34:36,0
9000400501,5637151774,,,28MAR2018,05JAN2020,4.43,PRIME COST,28MAY2021:14:34:36,0
9000400501,5637151774,,,28MAR2018,05JAN2020,2588.67,COST IN TT BD,28MAY2021:14:34:36,0
9000400501,5637151774,,,28MAR2018,05JAN2020,2588.67,COST IN TT AD,28MAY2021:14:34:36,0
9000400501,5637151774,,,29FEB2020,31DEC2154,4.43,PRIME COST,28MAY2021:14:34:36,0
9000400501,5637151774,,,29FEB2020,31DEC2154,2296.08,COST IN TT BD,28MAY2021:14:34:36,0
9000400501,5637151774,,,29FEB2020,31DEC2154,2296.08,COST IN TT AD,28MAY2021:14:34:36,0
9000400501,7000006770,,,28MAR2018,31DEC2154,4.43,PRIME COST,28MAY2021:14:34:36,0
9000400501,7000006770,,,28MAR2018,31DEC2154,4344.81,COST IN TT BD,28MAY2021:14:34:36,0
9000400501,7000006770,,,28MAR2018,31DEC2154,4344.81,COST IN TT AD,28MAY2021:14:34:36,0
9000400501,7000010505,,,28MAR2018,31DEC2154,4.43,PRIME COST,28MAY2021:14:34:36,0
9000400501,7000010505,,,28MAR2018,31DEC2154,3460.18,COST IN TT BD,28MAY2021:14:34:36,0
9000400501,7000010505,,,28MAR2018,31DEC2154,3460.18,COST IN TT AD,28MAY2021:14:34:36,0
9000400501,9000026250,,,28MAR2018,31DEC2154,4.43,PRIME COST,28MAY2021:14:34:36,0
9000400501,9000026250,,,28MAR2018,31DEC2154,3088.79,COST IN TT BD,28MAY2021:14:34:36,0
9000400501,9000026250,,,28MAR2018,31DEC2154,3088.79,COST IN TT AD,28MAY2021:14:34:36,0
9000400501,9000026255,,,28MAR2018,31DEC2154,4.43,PRIME COST,28MAY2021:14:34:36,0
9000400501,9000026255,,,28MAR2018,31DEC2154,3735.87,COST IN TT BD,28MAY2021:14:34:36,0
9000400501,9000026255,,,28MAR2018,31DEC2154,3735.87,COST IN TT AD,28MAY2021:14:34:36,0
9000400501,9000034500,,,07APR2018,31DEC2154,4.43,PRIME COST,28MAY2021:14:34:36,0
9000400501,9000034500,,,07APR2018,31DEC2154,2712.28,COST IN TT BD,28MAY2021:14:34:36,0
9000400501,9000034500,,,07APR2018,31DEC2154,2712.28,COST IN TT AD,28MAY2021:14:34:36,0
9000400501,9000050250,,,28MAR2018,31DEC2154,4.43,PRIME COST,28MAY2021:14:34:36,0
9000400501,9000050250,,,28MAR2018,31DEC2154,5884.02,COST IN TT BD,28MAY2021:14:34:36,0
9000400501,9000050250,,,28MAR2018,31DEC2154,5884.02,COST IN TT AD,28MAY2021:14:34:36,0
9000400501,9000051000,,,28MAR2018,31DEC2154,4.43,PRIME COST,28MAY2021:14:34:36,0
9000400501,9000051000,,,28MAR2018,31DEC2154,3661.22,COST IN TT BD,28MAY2021:14:34:36,0
9000400501,9000051000,,,28MAR2018,31DEC2154,3661.22,COST IN TT AD,28MAY2021:14:34:36,0
9000400501,9000066000,,,28MAR2018,31DEC2154,4.43,PRIME COST,28MAY2021:14:34:36,0
9000400501,9000066000,,,28MAR2018,31DEC2154,2913.06,COST IN TT BD,28MAY2021:14:34:36,0
9000400501,9000066000,,,28MAR2018,31DEC2154,2913.06,COST IN TT AD,28MAY2021:14:34:36,0
9000400501,9000099755,,,28MAR2018,31DEC2154,4.43,PRIME COST,28MAY2021:14:34:36,0
9000400501,9000099755,,,28MAR2018,31DEC2154,2709.68,COST IN TT BD,28MAY2021:14:34:36,0
9000400501,9000099755,,,28MAR2018,31DEC2154,2709.68,COST IN TT AD,28MAY2021:14:34:36,0
9000400501,9000102750,,,16JUL2018,31DEC2154,4.43,PRIME COST,28MAY2021:14:34:36,0
9000400501,9000102750,,,16JUL2018,31DEC2154,2542.97,COST IN TT BD,28MAY2021:14:34:36,0
9000400501,9000102750,,,16JUL2018,31DEC2154,2542.97,COST IN TT AD,28MAY2021:14:34:36,0
9000400501,9000102755,,,10DEC2019,31DEC2154,4.43,PRIME COST,28MAY2021:14:34:36,0
9000400501,9000102755,,,10DEC2019,31DEC2154,6567.17,COST IN TT BD,28MAY2021:14:34:36,0
9000400501,9000102755,,,10DEC2019,31DEC2154,6567.17,COST IN TT AD,28MAY2021:14:34:36,0
9000400501,9000102760,,,30JUN2018,31DEC2154,4.43,PRIME COST,28MAY2021:14:34:36,0
9000400501,9000102760,,,30JUN2018,31DEC2154,3473.31,COST IN TT BD,28MAY2021:14:34:36,0
9000400501,9000102760,,,30JUN2018,31DEC2154,3473.31,COST IN TT AD,28MAY2021:14:34:36,0
9000400501,9000103500,,,20APR2018,31DEC2154,4.43,PRIME COST,28MAY2021:14:34:36,0
9000400501,9000103500,,,20APR2018,31DEC2154,5537.96,COST IN TT BD,28MAY2021:14:34:36,0
9000400501,9000103500,,,20APR2018,31DEC2154,5537.96,COST IN TT AD,28MAY2021:14:34:36,0
9000400501,9000124504,,,01NOV2018,31DEC2154,4.43,PRIME COST,28MAY2021:14:34:36,0
9000400501,9000124504,,,01NOV2018,31DEC2154,3277.77,COST IN TT BD,28MAY2021:14:34:36,0
9000400501,9000124504,,,01NOV2018,31DEC2154,3277.77,COST IN TT AD,28MAY2021:14:34:36,0
9000400501,9000132750,,,08JUN2019,31DEC2154,4.43,PRIME COST,28MAY2021:14:34:36,0
9000400501,9000132750,,,08JUN2019,31DEC2154,4449.00,COST IN TT BD,28MAY2021:14:34:36,0
9000400501,9000132750,,,08JUN2019,31DEC2154,4449.00,COST IN TT AD,28MAY2021:14:34:36,0
9000400501,9000132755,,,05MAY2019,31DEC2154,4.43,PRIME COST,28MAY2021:14:34:36,0
9000400501,9000132755,,,05MAY2019,31DEC2154,3075.36,COST IN TT BD,28MAY2021:14:34:36,0
9000400501,9000132755,,,05MAY2019,31DEC2154,3075.36,COST IN TT AD,28MAY2021:14:34:36,0
9000400501,9000135750,,,05SEP2019,31DEC2154,4.43,PRIME COST,28MAY2021:14:34:36,0
9000400501,9000135750,,,05SEP2019,31DEC2154,5355.56,COST IN TT BD,28MAY2021:14:34:36,0
9000400501,9000135750,,,05SEP2019,31DEC2154,5355.56,COST IN TT AD,28MAY2021:14:34:36,0
9000400501,9000136500,,,07NOV2019,31DEC2154,4.43,PRIME COST,28MAY2021:14:34:36,0
9000400501,9000136500,,,07NOV2019,31DEC2154,3479.28,COST IN TT BD,28MAY2021:14:34:36,0
9000400501,9000136500,,,07NOV2019,31DEC2154,3479.28,COST IN TT AD,28MAY2021:14:34:36,0
